song_name,avg_weight0,avg_weight1,avg_weight2,avg_water_loss1,avg_water_loss2,avg_total_water_loss
blues.00000.wav,2.7392000000000003,2.7211,2.7029,0.018099999999999998,0.0182,0.0363
blues.00001.wav,2.73975,2.7255000000000003,2.7009499999999997,0.014249999999999999,0.02455,0.0388
blues.00002.wav,2.84715,2.8356500000000002,2.81955,0.0115,0.0161,0.0276
blues.00003.wav,2.76915,2.7457000000000003,2.73045,0.02345,0.01525,0.0387
blues.00004.wav,2.73065,2.7165999999999997,2.7049,0.01405,0.011699999999999999,0.025750000000000002
blues.00005.wav,2.6853,2.66925,2.6605499999999997,0.016050000000000002,0.0087,0.02475
blues.00006.wav,2.5336,2.51675,2.50695,0.01685,0.0098,0.02665
blues.00007.wav,2.26065,2.2479500000000003,2.2354000000000003,0.0127,0.01255,0.02525
blues.00008.wav,2.60335,2.5854999999999997,2.57245,0.017849999999999998,0.013049999999999999,0.0309
blues.00009.wav,2.5627,2.5496,2.53765,0.0131,0.011949999999999999,0.02505
blues.00010.wav,2.7657,2.75235,2.7413,0.01335,0.01105,0.024399999999999998
blues.00011.wav,2.7969999999999997,2.7746,2.76405,0.0224,0.01055,0.03295
blues.00012.wav,2.66825,2.6564,2.64635,0.01185,0.01005,0.021900000000000003
blues.00013.wav,2.7356499999999997,2.71605,2.7022,0.0196,0.01385,0.03345
blues.00014.wav,2.5786,2.5598,2.54795,0.0188,0.01185,0.03065
blues.00015.wav,2.4974,2.47865,2.40335,0.01875,0.0753,0.09405
blues.00016.wav,3.09965,3.0757000000000003,3.0610999999999997,0.02395,0.0146,0.03855
blues.00017.wav,2.6862,2.6684,2.6586499999999997,0.0178,0.00975,0.027549999999999998
blues.00018.wav,2.76925,2.75245,2.7375,0.016800000000000002,0.014950000000000001,0.03175
blues.00019.wav,2.47225,2.46305,2.4494,0.0092,0.013649999999999999,0.022850000000000002
blues.00020.wav,2.91235,2.8920500000000002,2.8776,0.0203,0.014450000000000001,0.03475
blues.00021.wav,2.7902500000000003,2.76845,2.7525,0.0218,0.01595,0.03775
blues.00022.wav,2.6936999999999998,2.6761999999999997,2.6647999999999996,0.0175,0.0114,0.028900000000000002
blues.00023.wav,2.7351,2.72175,2.70665,0.01335,0.0151,0.028450000000000003
blues.00024.wav,2.70865,2.6913,2.67795,0.01735,0.01335,0.030699999999999998
blues.00025.wav,2.47755,2.4623999999999997,2.45265,0.01515,0.00975,0.0249
blues.00026.wav,3.0153499999999998,2.99775,2.9852499999999997,0.017599999999999998,0.0125,0.030100000000000002
blues.00027.wav,2.8236999999999997,2.80755,2.7983000000000002,0.01615,0.00925,0.0254
blues.00028.wav,2.6590499999999997,2.6421,2.63085,0.01695,0.01125,0.028200000000000003
blues.00029.wav,2.9781,2.9526000000000003,2.9419,0.025500000000000002,0.010700000000000001,0.036199999999999996
blues.00030.wav,2.50665,2.48865,2.4809,0.018000000000000002,0.00775,0.025750000000000002
blues.00031.wav,2.3085500000000003,2.28925,2.2804,0.019299999999999998,0.00885,0.02815
blues.00032.wav,2.41645,2.4039,2.38865,0.01255,0.01525,0.0278
blues.00033.wav,2.8640499999999998,2.84725,2.83455,0.0168,0.0127,0.0295
blues.00034.wav,2.5465999999999998,2.5274,2.5139500000000004,0.019200000000000002,0.01345,0.03265
blues.00035.wav,2.6702500000000002,2.6571,2.6433999999999997,0.01315,0.0137,0.02685
blues.00036.wav,2.72935,2.70605,2.6923,0.0233,0.01375,0.03705
blues.00037.wav,2.6831,2.6658,2.6498,0.0173,0.016,0.033299999999999996
blues.00038.wav,2.3745000000000003,2.3592,2.3470500000000003,0.0153,0.01215,0.02745
blues.00039.wav,2.67165,2.6519,2.6359500000000002,0.019749999999999997,0.01595,0.035699999999999996
blues.00040.wav,2.9720500000000003,2.95265,2.9350500000000004,0.0194,0.0176,0.037
blues.00041.wav,2.76755,2.74765,2.7315,0.0199,0.01615,0.03605
blues.00042.wav,2.81325,2.7945,2.7825499999999996,0.018750000000000003,0.011949999999999999,0.0307
blues.00043.wav,2.79325,2.77455,2.7613000000000003,0.0187,0.01325,0.03195
blues.00044.wav,2.48935,2.4694000000000003,2.4544,0.019950000000000002,0.015,0.03495
blues.00045.wav,2.66845,2.64175,2.6296999999999997,0.0267,0.01205,0.03875
blues.00046.wav,2.7019,2.6749,2.66315,0.027000000000000003,0.01175,0.03875
blues.00047.wav,2.2385,2.22355,2.21015,0.014950000000000001,0.013399999999999999,0.02835
blues.00048.wav,2.4517499999999997,2.42455,2.41315,0.027200000000000002,0.0114,0.038599999999999995
blues.00049.wav,2.7811,2.76,2.74795,0.0211,0.01205,0.03315
blues.00050.wav,2.4494499999999997,2.4311499999999997,2.41945,0.0183,0.011699999999999999,0.03
classical.00000.wav,2.5782499999999997,2.5587999999999997,2.55185,0.019450000000000002,0.0069500000000000004,0.0264
classical.00001.wav,2.60365,2.59075,2.5779,0.0129,0.01285,0.02575
classical.00002.wav,2.53045,2.5111499999999998,2.5017,0.0193,0.00945,0.02875
classical.00003.wav,2.468,2.45445,2.4437,0.01355,0.01075,0.024300000000000002
classical.00004.wav,2.5374,2.5219,2.50915,0.0155,0.012750000000000001,0.028249999999999997
classical.00005.wav,2.5648,2.5502000000000002,2.5392,0.0146,0.011,0.025599999999999998
classical.00006.wav,2.2628000000000004,2.2397,2.2314,0.0231,0.0083,0.0314
classical.00007.wav,2.7408,2.7247500000000002,2.7150499999999997,0.016050000000000002,0.0097,0.025750000000000002
classical.00008.wav,2.6202,2.59885,2.59,0.02135,0.00885,0.030199999999999998
classical.00009.wav,2.7723,2.7569,2.7433,0.0154,0.013600000000000001,0.028999999999999998
classical.00010.wav,2.8009,2.7847,2.7755,0.0162,0.0092,0.0254
classical.00011.wav,2.5396,2.5248999999999997,2.5117000000000003,0.0147,0.0132,0.0279
classical.00012.wav,2.94495,2.9236,2.9122500000000002,0.02135,0.011349999999999999,0.0327
classical.00013.wav,2.8089,2.79555,2.78695,0.01335,0.0086,0.02195
classical.00014.wav,2.46285,2.4477,2.43405,0.01515,0.013649999999999999,0.0288
classical.00015.wav,2.70315,2.68745,2.67575,0.0157,0.0117,0.0274
classical.00016.wav,2.8779500000000002,2.8642,2.85425,0.01375,0.00995,0.0237
classical.00017.wav,2.7416,2.72255,2.71265,0.01905,0.009899999999999999,0.028949999999999997
classical.00018.wav,2.69415,2.67415,2.66195,0.02,0.012199999999999999,0.0322
classical.00019.wav,2.888,2.8696,2.8579999999999997,0.0184,0.0116,0.03
classical.00020.wav,2.5944000000000003,2.5801,2.5694999999999997,0.0143,0.0106,0.0249
classical.00021.wav,2.61565,2.59755,2.5873,0.018099999999999998,0.010249999999999999,0.02835
classical.00022.wav,2.7678,2.74965,2.7293000000000003,0.01815,0.02035,0.0385
classical.00023.wav,2.86325,2.84435,2.8343,0.0189,0.01005,0.02895
classical.00024.wav,2.7775,2.7619499999999997,2.75205,0.01555,0.009899999999999999,0.02545
classical.00025.wav,2.52155,2.5083,2.4988,0.013250000000000001,0.009500000000000001,0.02275
classical.00026.wav,2.64605,2.6219,2.6093,0.024149999999999998,0.0126,0.03675
classical.00027.wav,2.8997,2.88335,2.8750999999999998,0.01635,0.00825,0.0246
classical.00028.wav,2.6497,2.63635,2.6269,0.01335,0.00945,0.0228
classical.00029.wav,2.88,2.8619,2.8457,0.0181,0.0162,0.0343
classical.00030.wav,2.54975,2.5280500000000004,2.5138,0.0217,0.01425,0.03595
classical.00031.wav,2.68575,2.67205,2.65815,0.0137,0.0139,0.0276
classical.00032.wav,2.7403,2.724,2.7154499999999997,0.016300000000000002,0.008549999999999999,0.02485
classical.00033.wav,2.651,2.6397,2.6284,0.011300000000000001,0.0113,0.022600000000000002
classical.00034.wav,2.8034499999999998,2.7891000000000004,2.7767999999999997,0.01435,0.0123,0.02665
classical.00035.wav,2.7014500000000004,2.6807,2.66595,0.02075,0.01475,0.035500000000000004
classical.00036.wav,2.96005,2.9415500000000003,2.9322,0.0185,0.00935,0.02785
classical.00037.wav,2.62025,2.6044,2.5881,0.01585,0.0163,0.03215
classical.00038.wav,2.88985,2.87335,2.85755,0.0165,0.0158,0.032299999999999995
classical.00039.wav,2.4396,2.42415,2.40795,0.015449999999999998,0.0162,0.03165
classical.00040.wav,2.37315,2.3525,2.34335,0.02065,0.00915,0.0298
classical.00041.wav,2.8061,2.7987,2.7836,0.0074,0.015099999999999999,0.0225
classical.00042.wav,2.60915,2.59295,2.5810000000000004,0.0162,0.011949999999999999,0.02815
classical.00043.wav,2.9898,2.9659,2.9524,0.023899999999999998,0.0135,0.0374
classical.00044.wav,2.61175,2.59295,2.5821,0.018799999999999997,0.01085,0.029650000000000003
classical.00045.wav,2.56295,2.5439,2.5305,0.019049999999999997,0.013399999999999999,0.03245
classical.00046.wav,2.6222000000000003,2.6052,2.5940000000000003,0.017,0.0112,0.0282
classical.00047.wav,2.6632,2.64675,2.63585,0.01645,0.0109,0.02735
classical.00048.wav,2.5420499999999997,2.52035,2.5093,0.0217,0.01105,0.03275
classical.00049.wav,2.5504,2.53035,2.51735,0.02005,0.013000000000000001,0.033049999999999996
classical.00050.wav,2.4394,2.42445,2.41295,0.01495,0.0115,0.02645
country.00000.wav,2.71115,2.6854500000000003,2.6689,0.0257,0.016550000000000002,0.042249999999999996
country.00001.wav,2.6504000000000003,2.62695,2.6097,0.02345,0.01725,0.0407
country.00002.wav,2.5823,2.5667999999999997,2.55185,0.0155,0.014950000000000001,0.030449999999999998
country.00003.wav,2.75495,2.7339,2.72045,0.02105,0.01345,0.0345
country.00004.wav,2.6238,2.6019,2.5889499999999996,0.021900000000000003,0.01295,0.03485
country.00005.wav,2.69325,2.6706000000000003,2.6572,0.02265,0.0134,0.03605
country.00006.wav,2.6737,2.65395,2.6355500000000003,0.019749999999999997,0.0184,0.03815
country.00007.wav,2.7592,2.7366,2.7228000000000003,0.0226,0.0138,0.0364
country.00008.wav,2.6555999999999997,2.6312499999999996,2.6151999999999997,0.02435,0.016050000000000002,0.040400000000000005
country.00009.wav,2.6984,2.6704499999999998,2.65315,0.02795,0.0173,0.04525
country.00010.wav,2.5578000000000003,2.5420499999999997,2.5343,0.01575,0.00775,0.0235
country.00011.wav,2.61125,2.5927,2.58175,0.01855,0.01095,0.0295
country.00012.wav,2.6412,2.621,2.60915,0.020200000000000003,0.01185,0.032049999999999995
country.00013.wav,2.6734,2.6554,2.643,0.018000000000000002,0.012400000000000001,0.0304
country.00014.wav,2.19265,2.16745,2.15685,0.0252,0.0106,0.0358
country.00015.wav,2.41875,2.3968,2.3828,0.02195,0.014,0.035949999999999996
country.00016.wav,2.6532,2.6376999999999997,2.62495,0.0155,0.012750000000000001,0.028249999999999997
country.00017.wav,2.86545,2.8448,2.8324499999999997,0.02065,0.01235,0.033
country.00018.wav,2.79135,2.76495,2.75185,0.0264,0.0131,0.0395
country.00019.wav,2.3347499999999997,2.3141999999999996,2.3038999999999996,0.02055,0.0103,0.03085
country.00020.wav,2.2936500000000004,2.2732,2.2573,0.02045,0.0159,0.03635
country.00021.wav,2.6622500000000002,2.6375,2.62175,0.024749999999999998,0.01575,0.040499999999999994
country.00022.wav,2.7874499999999998,2.76225,2.7517500000000004,0.0252,0.010499999999999999,0.0357
country.00023.wav,2.5351999999999997,2.5165,2.5069,0.0187,0.009600000000000001,0.0283
country.00024.wav,2.4141000000000004,2.39875,2.38515,0.015349999999999999,0.013600000000000001,0.02895
country.00025.wav,2.5511,2.525,2.5138,0.026099999999999998,0.0112,0.0373
country.00026.wav,2.6548499999999997,2.6390000000000002,2.62055,0.01585,0.01845,0.0343
country.00027.wav,2.26265,2.2434000000000003,2.2323500000000003,0.019250000000000003,0.01105,0.0303
country.00028.wav,2.83835,2.8169,2.7999,0.02145,0.017,0.03845
country.00029.wav,2.7156000000000002,2.6898999999999997,2.67975,0.0257,0.01015,0.03585
country.00030.wav,2.60935,2.58555,2.5683499999999997,0.0238,0.0172,0.041
country.00031.wav,2.573,2.5481,2.5368,0.0249,0.011300000000000001,0.036199999999999996
country.00032.wav,2.59825,2.5807,2.5686,0.01755,0.0121,0.02965
country.00033.wav,2.5841,2.56765,2.55405,0.01645,0.013600000000000001,0.03005
country.00034.wav,2.4315499999999997,2.4117,2.4009,0.01985,0.0108,0.03065
country.00035.wav,2.5667999999999997,2.5504,2.5324,0.0164,0.018000000000000002,0.0344
country.00036.wav,2.65845,2.643,2.6297499999999996,0.01545,0.01325,0.0287
country.00037.wav,2.5373,2.51925,2.50575,0.01805,0.0135,0.031549999999999995
country.00038.wav,2.46955,2.44875,2.436,0.0208,0.012750000000000001,0.033549999999999996
country.00039.wav,2.35045,2.33485,2.3216,0.015600000000000001,0.013250000000000001,0.02885
country.00040.wav,2.6543,2.6315,2.61665,0.0228,0.01485,0.03765
country.00041.wav,2.4302,2.4109999999999996,2.3998,0.019200000000000002,0.0112,0.030399999999999996
country.00042.wav,2.3096,2.2926,2.28165,0.017,0.01095,0.02795
country.00043.wav,2.5118,2.4890999999999996,2.4798,0.022699999999999998,0.0093,0.032
country.00044.wav,2.6154,2.5906000000000002,2.58005,0.0248,0.01055,0.03535
country.00045.wav,2.4848,2.46465,2.4539,0.02015,0.01075,0.030899999999999997
country.00046.wav,2.6008,2.5826000000000002,2.56905,0.0182,0.01355,0.03175
country.00047.wav,2.3427,2.32315,2.3088499999999996,0.019549999999999998,0.0143,0.033850000000000005
country.00048.wav,2.22265,2.2079500000000003,2.1961500000000003,0.014700000000000001,0.011800000000000001,0.0265
country.00049.wav,2.3016,2.28805,2.27775,0.01355,0.0103,0.02385
country.00050.wav,2.4723,2.4585,2.4465500000000002,0.0138,0.011949999999999999,0.025750000000000002
disco.00000.wav,2.6856,2.67075,2.6592000000000002,0.01485,0.011550000000000001,0.0264
disco.00001.wav,2.66765,2.6441999999999997,2.6290500000000003,0.02345,0.01515,0.038599999999999995
disco.00002.wav,2.54875,2.52585,2.51655,0.0229,0.0093,0.0322
disco.00003.wav,2.7855,2.76605,2.7521,0.019450000000000002,0.01395,0.0334
disco.00004.wav,2.7403,2.72205,2.7109,0.018250000000000002,0.01115,0.029400000000000003
disco.00005.wav,2.6676,2.6478,2.6342999999999996,0.019799999999999998,0.0135,0.033299999999999996
disco.00006.wav,2.6638,2.64345,2.6281499999999998,0.02035,0.0153,0.03565
disco.00007.wav,2.46975,2.45005,2.4389000000000003,0.0197,0.01115,0.03085
disco.00008.wav,2.7453000000000003,2.7315,2.7199999999999998,0.0138,0.0115,0.0253
disco.00009.wav,2.9179,2.90435,2.89385,0.01355,0.010499999999999999,0.024050000000000002
disco.00010.wav,2.68095,2.6601,2.6471999999999998,0.02085,0.0129,0.03375
disco.00011.wav,2.3443,2.3254,2.31365,0.0189,0.01175,0.03065
disco.00012.wav,2.7813999999999997,2.75795,2.74765,0.02345,0.0103,0.03375
disco.00013.wav,2.78005,2.75765,2.7456,0.0224,0.01205,0.03445
disco.00014.wav,2.82895,2.8056,2.7880000000000003,0.023350000000000003,0.017599999999999998,0.04095
disco.00015.wav,2.73095,2.71605,2.69815,0.0149,0.0179,0.0328
disco.00016.wav,2.7797,2.76565,2.7554499999999997,0.01405,0.0102,0.02425
disco.00017.wav,2.67055,2.65435,2.6395,0.0162,0.01485,0.03105
disco.00018.wav,2.63645,2.6206500000000004,2.6105,0.0158,0.01015,0.02595
disco.00019.wav,2.7475,2.72785,2.71645,0.01965,0.0114,0.03105
disco.00020.wav,2.4212,2.39825,2.3857,0.022949999999999998,0.01255,0.035500000000000004
disco.00021.wav,2.30655,2.28575,2.2727500000000003,0.0208,0.013000000000000001,0.0338
disco.00022.wav,2.28565,2.2593,2.24905,0.02635,0.010249999999999999,0.0366
disco.00023.wav,2.56675,2.5498000000000003,2.5355499999999997,0.01695,0.01425,0.031200000000000002
disco.00024.wav,2.58165,2.5667999999999997,2.5368,0.01485,0.03,0.04485
disco.00025.wav,2.5023,2.48605,2.4758,0.01625,0.01025,0.026500000000000003
disco.00026.wav,2.60485,2.5865,2.57285,0.018349999999999998,0.013649999999999999,0.032
disco.00027.wav,2.31855,2.3032000000000004,2.2933000000000003,0.015349999999999999,0.009899999999999999,0.02525
disco.00028.wav,2.3426,2.3224,2.31015,0.0202,0.01225,0.03245
disco.00029.wav,2.6967,2.68175,2.66875,0.01495,0.013,0.027950000000000003
disco.00030.wav,2.55115,2.52725,2.51265,0.0239,0.0146,0.0385
disco.00031.wav,2.328,2.31495,2.30595,0.01305,0.009000000000000001,0.02205
disco.00032.wav,2.5904499999999997,2.57005,2.5573,0.0204,0.012750000000000001,0.03315
disco.00033.wav,2.2358000000000002,2.2199999999999998,2.20885,0.0158,0.01115,0.02695
disco.00034.wav,2.3887,2.3665000000000003,2.35635,0.0222,0.01015,0.032350000000000004
disco.00035.wav,2.5623,2.54575,2.53525,0.016550000000000002,0.0105,0.02705
disco.00036.wav,2.4711,2.4498499999999996,2.4385,0.021249999999999998,0.011349999999999999,0.032600000000000004
disco.00037.wav,2.69505,2.67585,2.6645000000000003,0.019200000000000002,0.011349999999999999,0.03055
disco.00038.wav,2.4055999999999997,2.3882000000000003,2.378,0.0174,0.0102,0.0276
disco.00039.wav,2.31415,2.29865,2.29005,0.0155,0.0086,0.0241
disco.00040.wav,2.5025,2.4846,2.4723,0.0179,0.012299999999999998,0.030199999999999998
disco.00041.wav,2.6419,2.6177,2.60505,0.0242,0.01265,0.03685
disco.00042.wav,2.33595,2.32385,2.3120000000000003,0.0121,0.01185,0.02395
disco.00043.wav,2.4663500000000003,2.4467,2.4311,0.01965,0.0156,0.035250000000000004
disco.00044.wav,2.7443,2.7299499999999997,2.7171,0.01435,0.01285,0.027200000000000002
disco.00045.wav,2.1458500000000003,2.1313000000000004,2.1184000000000003,0.01455,0.0129,0.027450000000000002
disco.00046.wav,2.656,2.64195,2.6308499999999997,0.01405,0.0111,0.02515
disco.00047.wav,2.50425,2.4894,2.4806,0.014849999999999999,0.0088,0.023649999999999997
disco.00048.wav,2.3974,2.3827,2.3722000000000003,0.014700000000000001,0.010499999999999999,0.0252
disco.00049.wav,2.4281,2.3964499999999997,2.3800999999999997,0.03165,0.01635,0.048
disco.00050.wav,2.55495,2.53925,2.5288,0.0157,0.010450000000000001,0.02615
hiphop.00000.wav,2.344,2.3302500000000004,2.32045,0.01375,0.0098,0.02355
hiphop.00001.wav,2.42715,2.401,2.38815,0.02615,0.01285,0.039
hiphop.00002.wav,2.68105,2.66725,2.6559999999999997,0.0138,0.01125,0.02505
hiphop.00003.wav,2.56205,2.5361000000000002,2.51915,0.02595,0.01695,0.0429
hiphop.00004.wav,2.2207,2.1992000000000003,2.1860999999999997,0.0215,0.0131,0.0346
hiphop.00005.wav,2.62475,2.604,2.58975,0.020749999999999998,0.01425,0.035
hiphop.00006.wav,2.41165,2.38485,2.3723,0.026799999999999997,0.012549999999999999,0.039349999999999996
hiphop.00007.wav,2.4867,2.4619999999999997,2.4505,0.0247,0.0115,0.036199999999999996
hiphop.00008.wav,2.48705,2.4694000000000003,2.4552500000000004,0.01765,0.01415,0.0318
hiphop.00009.wav,2.3995,2.3746,2.3611500000000003,0.0249,0.01345,0.038349999999999995
hiphop.00010.wav,2.5876,2.5679999999999996,2.5551500000000003,0.0196,0.01285,0.03245
hiphop.00011.wav,2.452,2.42905,2.41535,0.022949999999999998,0.0137,0.03665
hiphop.00012.wav,2.4758,2.4581,2.447,0.0177,0.011099999999999999,0.0288
hiphop.00013.wav,2.58175,2.5645499999999997,2.55085,0.0172,0.0137,0.0309
hiphop.00014.wav,2.5875,2.57245,2.5627,0.015050000000000001,0.00975,0.024800000000000003
hiphop.00015.wav,2.5128000000000004,2.4905,2.4780499999999996,0.0223,0.01245,0.034749999999999996
hiphop.00016.wav,2.51785,2.49765,2.4822499999999996,0.0202,0.0154,0.0356
hiphop.00017.wav,2.5000999999999998,2.4824,2.4692499999999997,0.0177,0.01315,0.030850000000000002
hiphop.00018.wav,2.43145,2.41445,2.4024,0.017,0.01205,0.02905
hiphop.00019.wav,2.5375500000000004,2.516,2.5033000000000003,0.02155,0.0127,0.03425
hiphop.00020.wav,2.2176,2.20195,2.18985,0.01565,0.0121,0.02775
hiphop.00021.wav,2.2100999999999997,2.1934,2.18105,0.0167,0.01235,0.02905
hiphop.00022.wav,2.6262,2.6056999999999997,2.59055,0.020499999999999997,0.01515,0.03565
hiphop.00023.wav,2.3251999999999997,2.3088,2.2956,0.016399999999999998,0.0132,0.0296
hiphop.00024.wav,2.3936,2.37525,2.3579999999999997,0.018349999999999998,0.01725,0.0356
hiphop.00025.wav,2.4158,2.3968499999999997,2.38415,0.01895,0.0127,0.03165
hiphop.00026.wav,2.8387000000000002,2.8174,2.80485,0.0213,0.012549999999999999,0.03385
hiphop.00027.wav,2.66545,2.6519,2.63995,0.01355,0.011949999999999999,0.025500000000000002
hiphop.00028.wav,2.2162,2.20215,2.1903499999999996,0.01405,0.011800000000000001,0.025849999999999998
hiphop.00029.wav,2.5645,2.5471500000000002,2.5336499999999997,0.01735,0.0135,0.03085
hiphop.00030.wav,2.5659,2.54935,2.53565,0.01655,0.0137,0.03025
hiphop.00031.wav,2.61105,2.5948,2.5811,0.01625,0.0137,0.02995
hiphop.00032.wav,2.13415,2.11535,2.1008,0.0188,0.01455,0.033350000000000005
hiphop.00033.wav,2.5725,2.5526,2.53995,0.0199,0.01265,0.032549999999999996
hiphop.00034.wav,2.3465,2.32605,2.31245,0.02045,0.013600000000000001,0.03405
hiphop.00035.wav,2.7593,2.7363999999999997,2.72285,0.0229,0.01355,0.036449999999999996
hiphop.00036.wav,2.41065,2.39635,2.3872,0.0143,0.009149999999999998,0.02345
hiphop.00037.wav,2.2388000000000003,2.2151,2.19925,0.0237,0.015850000000000003,0.03955
hiphop.00038.wav,2.4346,2.41355,2.4023,0.02105,0.01125,0.032299999999999995
hiphop.00039.wav,2.32215,2.30175,2.2883500000000003,0.0204,0.013399999999999999,0.0338
hiphop.00040.wav,2.5323,2.5164,2.5038,0.0159,0.0126,0.028499999999999998
hiphop.00041.wav,2.4824,2.46125,2.4467,0.021150000000000002,0.01455,0.035699999999999996
hiphop.00042.wav,2.60935,2.5907999999999998,2.5745,0.018549999999999997,0.0163,0.03485
hiphop.00043.wav,2.27325,2.24765,2.2329499999999998,0.0256,0.014700000000000001,0.0403
hiphop.00044.wav,2.61485,2.60155,2.58985,0.0133,0.011699999999999999,0.025
hiphop.00046.wav,2.42735,2.4095,2.3960999999999997,0.017849999999999998,0.0134,0.03125
hiphop.00047.wav,2.2637,2.2413,2.2276,0.0224,0.0137,0.0361
hiphop.00048.wav,2.5004,2.47515,2.4588,0.02525,0.01635,0.0416
hiphop.00049.wav,2.5282999999999998,2.5090500000000002,2.497,0.01925,0.01205,0.0313
hiphop.00050.wav,2.4596,2.42945,2.41625,0.030150000000000003,0.0132,0.04335
hiphop.00051.wav,2.42895,2.4111000000000002,2.3999499999999996,0.017849999999999998,0.01115,0.028999999999999998
jazz.00000.wav,2.60805,2.5943500000000004,2.5848,0.0137,0.00955,0.02325
jazz.00001.wav,2.6275,2.6132999999999997,2.6041499999999997,0.0142,0.00915,0.02335
jazz.00002.wav,2.4284999999999997,2.4123,2.40135,0.0162,0.01095,0.02715
jazz.00003.wav,2.27475,2.2619,2.2531499999999998,0.01285,0.00875,0.0216
jazz.00004.wav,2.6109999999999998,2.5976,2.5881499999999997,0.013399999999999999,0.00945,0.02285
jazz.00005.wav,2.56795,2.54765,2.53715,0.0203,0.010499999999999999,0.0308
jazz.00006.wav,2.1317000000000004,2.1172,2.1073500000000003,0.014499999999999999,0.00985,0.024349999999999997
jazz.00007.wav,2.4518,2.43935,2.4240500000000003,0.01245,0.0153,0.027750000000000004
jazz.00008.wav,2.1749,2.1544,2.14405,0.020499999999999997,0.01035,0.030850000000000002
jazz.00009.wav,2.34115,2.32395,2.3173,0.0172,0.00665,0.02385
jazz.00010.wav,2.4462,2.4333,2.42305,0.0129,0.010249999999999999,0.02315
jazz.00011.wav,2.67565,2.6614,2.6538,0.014249999999999999,0.007600000000000001,0.02185
jazz.00012.wav,2.40705,2.3936,2.3861499999999998,0.01345,0.00745,0.020900000000000002
jazz.00013.wav,2.482,2.4675000000000002,2.4564,0.014499999999999999,0.011099999999999999,0.0256
jazz.00014.wav,2.2817,2.2694,2.2607999999999997,0.0123,0.0086,0.020900000000000002
jazz.00015.wav,2.4069000000000003,2.39425,2.38395,0.01265,0.0103,0.022949999999999998
jazz.00016.wav,2.4166499999999997,2.40435,2.3981000000000003,0.0123,0.00625,0.01855
jazz.00017.wav,2.5992499999999996,2.5881,2.57755,0.01115,0.01055,0.0217
jazz.00018.wav,2.2569999999999997,2.24145,2.2352,0.015550000000000001,0.00625,0.0218
jazz.00019.wav,2.41255,2.40055,2.3904,0.012,0.01015,0.022150000000000003
jazz.00020.wav,2.21995,2.2079500000000003,2.1996,0.012,0.00835,0.02035
jazz.00021.wav,2.48555,2.47545,2.4662,0.0101,0.009250000000000001,0.01935
jazz.00022.wav,2.4464,2.4362500000000002,2.4276999999999997,0.01015,0.00855,0.0187
jazz.00023.wav,2.5195,2.50745,2.49995,0.012050000000000002,0.0075,0.019549999999999998
jazz.00024.wav,2.2577,2.24155,2.23315,0.01615,0.0084,0.024550000000000002
jazz.00025.wav,2.72035,2.70465,2.6930500000000004,0.0157,0.0116,0.0273
jazz.00026.wav,2.4705500000000002,2.456,2.4471,0.01455,0.0089,0.02345
jazz.00027.wav,2.6126,2.59795,2.588,0.01465,0.00995,0.0246
jazz.00028.wav,2.3175,2.3059,2.2976,0.0116,0.0083,0.0199
jazz.00029.wav,2.48065,2.4665,2.4561,0.01415,0.0104,0.02455
jazz.00030.wav,2.5744499999999997,2.5572,2.5505,0.01725,0.006699999999999999,0.02395
jazz.00031.wav,2.3634500000000003,2.35145,2.34205,0.012,0.0094,0.021400000000000002
jazz.00032.wav,2.3622,2.3516,2.3430999999999997,0.0106,0.0085,0.0191
jazz.00033.wav,2.4116,2.4006499999999997,2.3903,0.01095,0.01035,0.0213
jazz.00034.wav,2.6056,2.59075,2.57935,0.01485,0.0114,0.026250000000000002
jazz.00035.wav,2.4486499999999998,2.43595,2.4266,0.0127,0.00935,0.02205
jazz.00036.wav,2.5584,2.54275,2.53355,0.01565,0.0092,0.024849999999999997
jazz.00037.wav,2.7099,2.69505,2.6848,0.01485,0.01025,0.025099999999999997
jazz.00038.wav,2.4196999999999997,2.4066,2.39755,0.0131,0.009049999999999999,0.02215
jazz.00039.wav,2.4649,2.4484,2.44,0.0165,0.008400000000000001,0.0249
jazz.00040.wav,2.4403,2.42595,2.418,0.01435,0.007949999999999999,0.0223
jazz.00041.wav,2.6189,2.60515,2.59685,0.01375,0.0083,0.02205
jazz.00042.wav,2.23685,2.22615,2.2184999999999997,0.010700000000000001,0.0076500000000000005,0.018349999999999998
jazz.00043.wav,2.6269,2.60985,2.6012500000000003,0.017050000000000003,0.0086,0.02565
jazz.00044.wav,2.6271,2.61625,2.6087,0.01085,0.00755,0.0184
jazz.00045.wav,2.5273,2.5095,2.49795,0.0178,0.01155,0.02935
jazz.00046.wav,2.4750500000000004,2.4644,2.4566,0.01065,0.0078,0.01845
jazz.00047.wav,2.2532,2.2407500000000002,2.23145,0.01245,0.0093,0.02175
jazz.00048.wav,2.4221000000000004,2.4095500000000003,2.39905,0.012549999999999999,0.0105,0.02305
jazz.00049.wav,2.31325,2.3005500000000003,2.2922000000000002,0.0127,0.00835,0.02105
jazz.00050.wav,2.29575,2.2794499999999998,2.2695499999999997,0.016300000000000002,0.009899999999999999,0.0262
metal.00000.wav,2.28755,2.27545,2.26775,0.0121,0.0077,0.019799999999999998
metal.00001.wav,2.3005,2.28475,2.2733,0.01575,0.01145,0.027200000000000002
metal.00002.wav,2.464,2.45295,2.443,0.01105,0.00995,0.020999999999999998
metal.00003.wav,2.48415,2.4693,2.4572,0.014849999999999999,0.0121,0.02695
metal.00004.wav,2.41995,2.40665,2.39565,0.0133,0.011,0.024300000000000002
metal.00005.wav,2.1485000000000003,2.1330999999999998,2.1224499999999997,0.0154,0.01065,0.026049999999999997
metal.00006.wav,2.2674000000000003,2.2531,2.24445,0.0143,0.008650000000000001,0.022949999999999998
metal.00007.wav,2.26315,2.2487500000000002,2.23735,0.0144,0.0114,0.0258
metal.00008.wav,2.2813499999999998,2.2670500000000002,2.25475,0.0143,0.0123,0.0266
metal.00009.wav,2.2714,2.2521,2.2395500000000004,0.019299999999999998,0.01255,0.03185
metal.00010.wav,2.3024,2.2879,2.27885,0.014499999999999999,0.009049999999999999,0.02355
metal.00011.wav,2.3445,2.32665,2.3133999999999997,0.017849999999999998,0.01325,0.0311
metal.00012.wav,2.2851999999999997,2.27085,2.2613000000000003,0.014350000000000002,0.00955,0.023899999999999998
metal.00013.wav,2.4175,2.40205,2.3928000000000003,0.015449999999999998,0.00925,0.0247
metal.00014.wav,2.52575,2.50855,2.4994,0.0172,0.009149999999999998,0.02635
metal.00015.wav,2.4299,2.41155,2.401,0.018349999999999998,0.01055,0.0289
metal.00016.wav,2.2066,2.1913,2.17995,0.015300000000000001,0.011349999999999999,0.02665
metal.00017.wav,2.48345,2.47125,2.4664,0.0122,0.00485,0.01705
metal.00018.wav,2.5956,2.57885,2.56975,0.01675,0.0091,0.025849999999999998
metal.00019.wav,2.34395,2.331,2.32135,0.01295,0.009649999999999999,0.022600000000000002
metal.00020.wav,2.54115,2.5263999999999998,2.51685,0.01475,0.00955,0.024300000000000002
metal.00021.wav,2.3164499999999997,2.29835,2.2885999999999997,0.0181,0.00975,0.02785
metal.00022.wav,2.7093499999999997,2.6936999999999998,2.6819,0.01565,0.0118,0.027450000000000002
metal.00023.wav,2.3579999999999997,2.33885,2.32775,0.01915,0.0111,0.03025
metal.00024.wav,2.34185,2.32615,2.3135,0.0157,0.01265,0.02835
metal.00025.wav,2.3605,2.34335,2.32905,0.01715,0.0143,0.03145
metal.00026.wav,2.5072,2.4922,2.4813,0.015,0.0109,0.0259
metal.00027.wav,2.357,2.3412499999999996,2.3288,0.01575,0.01245,0.0282
metal.00028.wav,2.39275,2.37995,2.3693999999999997,0.012799999999999999,0.01055,0.02335
metal.00029.wav,2.4332000000000003,2.4155,2.40475,0.0177,0.01075,0.028449999999999996
metal.00030.wav,2.2217000000000002,2.2023,2.18795,0.0194,0.01435,0.03375
metal.00031.wav,2.2759,2.2628000000000004,2.2534,0.0131,0.009399999999999999,0.0225
metal.00032.wav,2.3057,2.2927,2.281,0.013,0.011699999999999999,0.0247
metal.00033.wav,2.5623,2.5419,2.5288500000000003,0.0204,0.013049999999999999,0.03345
metal.00034.wav,2.53295,2.51685,2.5067500000000003,0.0161,0.0101,0.0262
metal.00035.wav,2.1711,2.15315,2.1405,0.01795,0.01265,0.030600000000000002
metal.00036.wav,2.48495,2.4718,2.46305,0.01315,0.00875,0.0219
metal.00037.wav,2.2403500000000003,2.2297000000000002,2.2192,0.01065,0.010499999999999999,0.02115
metal.00038.wav,2.35925,2.3445,2.33535,0.01475,0.00915,0.023899999999999998
metal.00039.wav,2.56595,2.5502000000000002,2.538,0.01575,0.012199999999999999,0.02795
metal.00040.wav,2.5522,2.5393499999999998,2.5313499999999998,0.01285,0.008,0.02085
metal.00041.wav,2.61105,2.5989,2.591,0.01215,0.0079,0.02005
metal.00042.wav,2.63955,2.6237,2.61225,0.01585,0.01145,0.027299999999999998
metal.00043.wav,2.43935,2.4241,2.4167500000000004,0.01525,0.00735,0.0226
metal.00044.wav,2.3664,2.3532,2.34475,0.0132,0.00845,0.02165
metal.00045.wav,2.5437000000000003,2.5284500000000003,2.51965,0.01525,0.008799999999999999,0.024050000000000002
metal.00046.wav,2.5140000000000002,2.4969,2.48605,0.0171,0.010849999999999999,0.027950000000000003
metal.00047.wav,2.42495,2.4091,2.39805,0.01585,0.01105,0.0269
metal.00048.wav,2.44945,2.43605,2.424,0.0134,0.01205,0.02545
metal.00049.wav,2.60415,2.58615,2.57295,0.018000000000000002,0.0132,0.0312
metal.00050.wav,2.4844,2.46725,2.45585,0.01715,0.0114,0.02855
pop.00000.wav,2.5902000000000003,2.5732,2.5631,0.017,0.0101,0.0271
pop.00001.wav,2.3487,2.3292,2.3164,0.0195,0.0128,0.032299999999999995
pop.00002.wav,2.40885,2.38905,2.3781499999999998,0.019799999999999998,0.0109,0.030699999999999998
pop.00003.wav,2.5877,2.57515,2.56405,0.012549999999999999,0.011099999999999999,0.023649999999999997
pop.00004.wav,2.4845,2.47115,2.4613,0.01335,0.009850000000000001,0.0232
pop.00005.wav,2.41465,2.401,2.39085,0.013649999999999999,0.01015,0.0238
pop.00006.wav,2.3497500000000002,2.33705,2.32645,0.0127,0.0106,0.0233
pop.00007.wav,2.5314,2.5209,2.51305,0.010499999999999999,0.00785,0.018349999999999998
pop.00008.wav,2.54305,2.52805,2.51765,0.015,0.0104,0.0254
pop.00009.wav,2.5763499999999997,2.5618,2.55085,0.01455,0.010950000000000001,0.025500000000000002
pop.00010.wav,2.5969499999999996,2.5772,2.5633,0.01975,0.0139,0.03365
pop.00011.wav,2.61165,2.60045,2.5884,0.011200000000000002,0.01205,0.02325
pop.00012.wav,2.2818,2.2662500000000003,2.2573,0.015550000000000001,0.00895,0.0245
pop.00013.wav,2.45005,2.4339,2.4219,0.016149999999999998,0.012,0.02815
pop.00014.wav,2.2963500000000003,2.285,2.2724,0.011349999999999999,0.0126,0.02395
pop.00015.wav,2.6573,2.6422,2.6330999999999998,0.015099999999999999,0.0091,0.0242
pop.00016.wav,2.2384500000000003,2.2211,2.2088,0.017349999999999997,0.012299999999999998,0.02965
pop.00017.wav,2.42255,2.40785,2.3964,0.0147,0.01145,0.02615
pop.00018.wav,2.6433,2.6262499999999998,2.61505,0.017050000000000003,0.0112,0.028249999999999997
pop.00019.wav,2.67765,2.65975,2.64705,0.0179,0.0127,0.030600000000000002
pop.00020.wav,2.3192500000000003,2.2991,2.2891000000000004,0.02015,0.01,0.03015
pop.00021.wav,2.58315,2.5622,2.54985,0.02095,0.01235,0.0333
pop.00023.wav,2.27035,2.2489999999999997,2.23495,0.02135,0.01405,0.0354
pop.00024.wav,2.4524,2.4332,2.4196,0.019200000000000002,0.013600000000000001,0.0328
pop.00025.wav,2.3676,2.34225,2.3282,0.025349999999999998,0.01405,0.0394
pop.00026.wav,2.3897,2.3742,2.3635,0.0155,0.010700000000000001,0.0262
pop.00027.wav,2.66645,2.6529499999999997,2.6432,0.0135,0.00975,0.02325
pop.00028.wav,2.8664500000000004,2.8499499999999998,2.8369999999999997,0.0165,0.01295,0.02945
pop.00029.wav,2.8368,2.81525,2.8045,0.02155,0.01075,0.032299999999999995
pop.00030.wav,2.9016,2.8893500000000003,2.8771500000000003,0.01225,0.012199999999999999,0.02445
pop.00032.wav,2.47295,2.45815,2.4497999999999998,0.0148,0.00835,0.023149999999999997
pop.00033.wav,2.6195,2.6073000000000004,2.597,0.012199999999999999,0.0103,0.0225
pop.00034.wav,2.6026499999999997,2.5869999999999997,2.5769,0.01565,0.010100000000000001,0.025750000000000002
pop.00035.wav,2.8033,2.7822500000000003,2.7683,0.02105,0.01395,0.035
pop.00036.wav,2.3661000000000003,2.3419,2.3320999999999996,0.0242,0.0098,0.034
pop.00037.wav,2.84305,2.81915,2.8068,0.0239,0.01235,0.03625
pop.00038.wav,2.55375,2.5353,2.5223500000000003,0.01845,0.01295,0.0314
pop.00039.wav,2.70485,2.6848,2.6711,0.02005,0.0137,0.03375
pop.00040.wav,2.6513,2.63355,2.61965,0.01775,0.013900000000000001,0.03165
pop.00041.wav,2.3289,2.3147,2.30375,0.0142,0.010950000000000001,0.02515
pop.00042.wav,2.67455,2.6479,2.6329000000000002,0.02665,0.015,0.04165
pop.00043.wav,2.5688,2.5439499999999997,2.52825,0.02485,0.0157,0.04055
pop.00044.wav,2.37175,2.34965,2.3371500000000003,0.0221,0.0125,0.0346
pop.00045.wav,2.3844000000000003,2.3651999999999997,2.3499499999999998,0.019200000000000002,0.01525,0.034449999999999995
pop.00047.wav,2.6353999999999997,2.61505,2.60065,0.02035,0.0144,0.03475
pop.00048.wav,2.5161,2.50015,2.48765,0.01595,0.0125,0.02845
pop.00049.wav,2.7857000000000003,2.77095,2.7543,0.01475,0.016649999999999998,0.0314
pop.00050.wav,2.895,2.87425,2.86235,0.020749999999999998,0.0119,0.03265
pop.00051.wav,2.7478,2.7274000000000003,2.7148,0.0204,0.0126,0.033
pop.00052.wav,2.5039499999999997,2.4761499999999996,2.4618,0.027800000000000002,0.01435,0.04215
pop.00053.wav,2.6713500000000003,2.6557500000000003,2.6452999999999998,0.0156,0.01045,0.02605
reggae.00000.wav,2.5457,2.5303,2.5176,0.0154,0.0127,0.0281
reggae.00001.wav,2.3254,2.31135,2.3017,0.01405,0.009649999999999999,0.0237
reggae.00002.wav,2.4419500000000003,2.426,2.4166499999999997,0.01595,0.00935,0.0253
reggae.00003.wav,2.5509,2.53705,2.52595,0.013850000000000001,0.0111,0.02495
reggae.00004.wav,2.5128500000000003,2.4997,2.48995,0.01315,0.00975,0.0229
reggae.00005.wav,2.51135,2.49615,2.4862,0.015200000000000002,0.00995,0.02515
reggae.00006.wav,2.4821,2.4697,2.4602500000000003,0.0124,0.00945,0.02185
reggae.00007.wav,2.73935,2.72375,2.71465,0.0156,0.0091,0.0247
reggae.00008.wav,2.8251,2.8122499999999997,2.8022,0.01285,0.01005,0.022899999999999997
reggae.00009.wav,2.71485,2.69765,2.6885,0.0172,0.00915,0.02635
reggae.00010.wav,2.57605,2.5606999999999998,2.5503,0.015349999999999999,0.0104,0.02575
reggae.00011.wav,2.6769499999999997,2.66385,2.65395,0.0131,0.009899999999999999,0.023
reggae.00012.wav,2.5785,2.56395,2.55355,0.01455,0.0104,0.02495
reggae.00013.wav,2.58225,2.5652,2.55545,0.01705,0.00975,0.026799999999999997
reggae.00014.wav,2.56095,2.5457,2.53395,0.01525,0.01175,0.026999999999999996
reggae.00015.wav,2.4008,2.3810000000000002,2.3627000000000002,0.0198,0.0183,0.0381
reggae.00016.wav,2.6158,2.60235,2.59225,0.01345,0.0101,0.02355
reggae.00017.wav,2.82525,2.8103,2.7997,0.01495,0.0106,0.02555
reggae.00018.wav,2.4185,2.4029499999999997,2.38945,0.015550000000000001,0.013499999999999998,0.02905
reggae.00019.wav,2.6418,2.61965,2.6086,0.022150000000000003,0.01105,0.0332
reggae.00020.wav,2.6205,2.601,2.5898000000000003,0.0195,0.0112,0.030699999999999998
reggae.00021.wav,2.6433,2.6285999999999996,2.6174,0.014700000000000001,0.0112,0.0259
reggae.00022.wav,2.4958,2.4743500000000003,2.4631499999999997,0.02145,0.0112,0.03265
reggae.00023.wav,2.3761,2.35915,2.3503,0.01695,0.00885,0.0258
reggae.00024.wav,2.33845,2.32485,2.31395,0.013600000000000001,0.0109,0.0245
reggae.00025.wav,2.48395,2.4651,2.45385,0.01885,0.01125,0.030100000000000002
reggae.00026.wav,2.6682,2.6483499999999998,2.63765,0.01985,0.0107,0.03055
reggae.00027.wav,2.4636500000000003,2.4316500000000003,2.4119,0.032,0.019749999999999997,0.05175
reggae.00028.wav,2.1452,2.1186999999999996,2.1086,0.0265,0.0101,0.0366
reggae.00029.wav,2.6727,2.65665,2.64545,0.016050000000000002,0.0112,0.02725
reggae.00030.wav,2.65345,2.63835,2.6288,0.015099999999999999,0.00955,0.02465
reggae.00031.wav,2.85565,2.8378,2.8251999999999997,0.017849999999999998,0.0126,0.030449999999999998
reggae.00032.wav,2.71945,2.70635,2.6925999999999997,0.0131,0.013749999999999998,0.02685
reggae.00033.wav,2.61225,2.5978000000000003,2.5884,0.014450000000000001,0.0094,0.02385
reggae.00034.wav,2.68215,2.6585,2.6486,0.023649999999999997,0.009899999999999999,0.03355
reggae.00035.wav,2.94135,2.92525,2.9143,0.0161,0.01095,0.027049999999999998
reggae.00036.wav,2.6374500000000003,2.622,2.61165,0.015449999999999998,0.010350000000000002,0.0258
reggae.00037.wav,2.8451500000000003,2.8268,2.81605,0.018349999999999998,0.01075,0.0291
reggae.00038.wav,2.5338000000000003,2.5221,2.51255,0.0117,0.00955,0.021249999999999998
reggae.00039.wav,2.8466,2.83375,2.82295,0.01285,0.0108,0.023649999999999997
reggae.00040.wav,2.419,2.4006,2.3878,0.0184,0.012799999999999999,0.0312
reggae.00041.wav,2.5389,2.5223,2.5072,0.0166,0.0151,0.0317
reggae.00042.wav,2.6601,2.64485,2.6332500000000003,0.01525,0.0116,0.02685
reggae.00043.wav,2.5001,2.47975,2.4688999999999997,0.02035,0.01085,0.0312
reggae.00044.wav,2.59715,2.5788,2.5637999999999996,0.018349999999999998,0.015,0.033350000000000005
reggae.00045.wav,2.6076,2.5938,2.58235,0.0138,0.01145,0.02525
reggae.00046.wav,2.444,2.424,2.4122500000000002,0.019999999999999997,0.01175,0.03175
reggae.00047.wav,2.50455,2.49235,2.48065,0.012199999999999999,0.011699999999999999,0.0239
reggae.00048.wav,2.4474,2.4307499999999997,2.4191000000000003,0.016649999999999998,0.01165,0.0283
reggae.00049.wav,2.42245,2.4026,2.39235,0.01985,0.01025,0.0301
reggae.00050.wav,2.35235,2.3382500000000004,2.32625,0.014100000000000001,0.012,0.026099999999999998
rock.00000.wav,2.60025,2.5797999999999996,2.5677000000000003,0.02045,0.0121,0.03255
rock.00001.wav,2.29405,2.27635,2.2632,0.0177,0.01315,0.03085
rock.00002.wav,2.5454,2.5283499999999997,2.5185,0.01705,0.009850000000000001,0.0269
rock.00003.wav,2.5088,2.4927,2.47335,0.0161,0.01935,0.035449999999999995
rock.00004.wav,2.5620000000000003,2.5468,2.5343,0.0152,0.0125,0.0277
rock.00005.wav,2.4937,2.4728000000000003,2.45705,0.020900000000000002,0.01575,0.03665
rock.00006.wav,2.54045,2.52515,2.512,0.015300000000000001,0.01315,0.02845
rock.00007.wav,2.1456999999999997,2.1307,2.1215,0.015,0.0092,0.0242
rock.00008.wav,2.5222499999999997,2.5064,2.49315,0.01585,0.013250000000000001,0.0291
rock.00009.wav,2.6938,2.66885,2.6568500000000004,0.02495,0.012,0.03695
rock.00010.wav,2.53225,2.51435,2.50345,0.0179,0.0109,0.0288
rock.00011.wav,2.4928,2.48195,2.47335,0.01085,0.0086,0.019450000000000002
rock.00012.wav,2.3943000000000003,2.3786,2.36755,0.0157,0.01105,0.02675
rock.00013.wav,2.36425,2.3493500000000003,2.34265,0.0149,0.0067,0.0216
rock.00014.wav,2.3733500000000003,2.3624,2.35315,0.010950000000000001,0.009250000000000001,0.020200000000000003
rock.00015.wav,2.39575,2.38275,2.3686499999999997,0.013000000000000001,0.0141,0.0271
rock.00016.wav,2.19915,2.179,2.1719999999999997,0.02015,0.006999999999999999,0.02715
rock.00017.wav,2.3684000000000003,2.329,2.3183499999999997,0.0394,0.01065,0.050050000000000004
rock.00018.wav,2.77705,2.7621,2.7508999999999997,0.014949999999999998,0.0112,0.02615
rock.00019.wav,2.5753,2.5609,2.54945,0.0144,0.01145,0.025849999999999998
rock.00020.wav,2.4358,2.4259,2.418,0.009899999999999999,0.0079,0.0178
rock.00021.wav,2.5088999999999997,2.4917499999999997,2.4793,0.01715,0.01245,0.0296
rock.00022.wav,2.40165,2.3873499999999996,2.37725,0.0143,0.010100000000000001,0.024399999999999998
rock.00023.wav,2.3493,2.3295000000000003,2.3202,0.019799999999999998,0.0093,0.0291
rock.00024.wav,2.33305,2.3198,2.30405,0.01325,0.01575,0.028999999999999998
rock.00025.wav,2.4427000000000003,2.4277499999999996,2.41625,0.014950000000000001,0.0115,0.02645
rock.00026.wav,2.44785,2.4326999999999996,2.42105,0.01515,0.01165,0.0268
rock.00027.wav,2.29575,2.2824,2.2721999999999998,0.01335,0.0102,0.02355
rock.00028.wav,2.42835,2.4139999999999997,2.4052,0.014350000000000002,0.0088,0.02315
rock.00029.wav,2.5058499999999997,2.48285,2.4684999999999997,0.023,0.01435,0.037349999999999994
rock.00030.wav,2.32755,2.3106999999999998,2.2971500000000002,0.01685,0.01355,0.0304
rock.00031.wav,2.55295,2.5357000000000003,2.5244,0.01725,0.011300000000000001,0.02855
rock.00032.wav,2.05045,2.03165,2.02035,0.0188,0.011300000000000001,0.030100000000000002
rock.00033.wav,2.6203000000000003,2.60595,2.5942499999999997,0.01435,0.011699999999999999,0.02605
rock.00034.wav,2.5494000000000003,2.5333,2.52095,0.016100000000000003,0.01235,0.02845
rock.00035.wav,2.4042,2.38935,2.37975,0.01485,0.009600000000000001,0.02445
rock.00036.wav,2.54785,2.53335,2.52115,0.014499999999999999,0.012199999999999999,0.0267
rock.00037.wav,2.6784,2.65585,2.6442,0.02255,0.01165,0.0342
rock.00038.wav,2.4539,2.43795,2.4263000000000003,0.01595,0.01165,0.0276
rock.00039.wav,2.56575,2.55335,2.54435,0.012400000000000001,0.009000000000000001,0.0214
rock.00040.wav,2.1991,2.18525,2.1771000000000003,0.013850000000000001,0.00815,0.022
rock.00041.wav,2.4467999999999996,2.4348,2.4274500000000003,0.012,0.007350000000000001,0.01935
rock.00042.wav,2.41625,2.4010499999999997,2.39215,0.0152,0.0089,0.0241
rock.00043.wav,2.2481,2.23695,2.22745,0.01115,0.0095,0.02065
rock.00044.wav,2.26785,2.25475,2.2451999999999996,0.0131,0.00955,0.02265
rock.00045.wav,2.5522,2.53905,2.52975,0.01315,0.0093,0.02245
rock.00046.wav,2.5212000000000003,2.50465,2.49435,0.016550000000000002,0.0103,0.02685
rock.00047.wav,2.45545,2.4401,2.42745,0.01535,0.012650000000000002,0.028
rock.00048.wav,2.3698,2.35505,2.3433,0.01475,0.01175,0.026500000000000003
rock.00049.wav,2.3332,2.31855,2.309,0.01465,0.00955,0.0242
rock.00050.wav,2.1563,2.1421,2.13285,0.0142,0.009250000000000001,0.02345
