song_name,genre,speaker_id,dry_weight,weight0,weight1,weight2,water_loss1,water_loss2,total_water_loss
blues.00000.wav,blues,1,1.697,2.3791,2.3622,2.3454,0.0169,0.0168,0.0337
blues.00000.wav,blues,2,2.2398,3.0993,3.08,3.0604,0.0193,0.0196,0.0389
blues.00001.wav,blues,1,2.0938,2.9459,2.9327,2.9131,0.0132,0.0196,0.0328
blues.00001.wav,blues,2,1.7753,2.5336,2.5183,2.4888,0.0153,0.0295,0.0448
blues.00002.wav,blues,1,1.9536,2.7848,2.7713,2.7591,0.0135,0.0122,0.0257
blues.00002.wav,blues,2,2.0735,2.9095,2.9,2.88,0.0095,0.02,0.0295
blues.00003.wav,blues,1,2.0634,2.9102,2.8885,2.8688,0.0217,0.0197,0.0414
blues.00003.wav,blues,2,1.8822,2.6281,2.6029,2.5921,0.0252,0.0108,0.036
blues.00004.wav,blues,1,1.9901,2.7327,2.7186,2.7068,0.0141,0.0118,0.0259
blues.00004.wav,blues,2,1.9297,2.7286,2.7146,2.703,0.014,0.0116,0.0256
blues.00005.wav,blues,1,2.1399,2.9003,2.8827,2.8725,0.0176,0.0102,0.0278
blues.00005.wav,blues,2,1.7937,2.4703,2.4558,2.4486,0.0145,0.0072,0.0217
blues.00006.wav,blues,1,1.78,2.4967,2.4791,2.47,0.0176,0.0091,0.0267
blues.00006.wav,blues,2,1.8676,2.5705,2.5544,2.5439,0.0161,0.0105,0.0266
blues.00007.wav,blues,1,1.7435,2.4551,2.443,2.4299,0.0121,0.0131,0.0252
blues.00007.wav,blues,2,1.472,2.0662,2.0529,2.0409,0.0133,0.012,0.0253
blues.00008.wav,blues,1,1.7468,2.4222,2.4067,2.3956,0.0155,0.0111,0.0266
blues.00008.wav,blues,2,1.9911,2.7845,2.7643,2.7493,0.0202,0.015,0.0352
blues.00009.wav,blues,1,1.7759,2.4649,2.453,2.4394,0.0119,0.0136,0.0255
blues.00009.wav,blues,2,1.9536,2.6605,2.6462,2.6359,0.0143,0.0103,0.0246
blues.00010.wav,blues,1,1.9184,2.6431,2.6323,2.623,0.0108,0.0093,0.0201
blues.00010.wav,blues,2,2.0903,2.8883,2.8724,2.8596,0.0159,0.0128,0.0287
blues.00011.wav,blues,1,1.7642,2.59,2.5657,2.5523,0.0243,0.0134,0.0377
blues.00011.wav,blues,2,2.1034,3.004,2.9835,2.9758,0.0205,0.0077,0.0282
blues.00012.wav,blues,1,1.8733,2.5471,2.5381,2.5284,0.009,0.0097,0.0187
blues.00012.wav,blues,2,1.9834,2.7894,2.7747,2.7643,0.0147,0.0104,0.0251
blues.00013.wav,blues,1,1.9447,2.7315,2.7127,2.6959,0.0188,0.0168,0.0356
blues.00013.wav,blues,2,1.9462,2.7398,2.7194,2.7085,0.0204,0.0109,0.0313
blues.00014.wav,blues,1,1.9844,2.8482,2.8278,2.8167,0.0204,0.0111,0.0315
blues.00014.wav,blues,2,1.5819,2.309,2.2918,2.2792,0.0172,0.0126,0.0298
blues.00015.wav,blues,1,1.7969,2.473,2.4636,2.387,0.0094,0.0766,0.086
blues.00015.wav,blues,2,1.8036,2.5218,2.4937,2.4197,0.0281,0.074,0.1021
blues.00016.wav,blues,1,2.1417,3.1111,3.0874,3.0715,0.0237,0.0159,0.0396
blues.00016.wav,blues,2,2.1736,3.0882,3.064,3.0507,0.0242,0.0133,0.0375
blues.00017.wav,blues,1,2.135,2.9667,2.9507,2.9452,0.016,0.0055,0.0215
blues.00017.wav,blues,2,1.6397,2.4057,2.3861,2.3721,0.0196,0.014,0.0336
blues.00018.wav,blues,1,1.9039,2.6645,2.6496,2.6356,0.0149,0.014,0.0289
blues.00018.wav,blues,2,2.0998,2.874,2.8553,2.8394,0.0187,0.0159,0.0346
blues.00019.wav,blues,1,1.7643,2.4656,2.4573,2.4434,0.0083,0.0139,0.0222
blues.00019.wav,blues,2,1.7751,2.4789,2.4688,2.4554,0.0101,0.0134,0.0235
blues.00020.wav,blues,1,2.0639,2.8447,2.8201,2.804,0.0246,0.0161,0.0407
blues.00020.wav,blues,2,2.1694,2.98,2.964,2.9512,0.016,0.0128,0.0288
blues.00021.wav,blues,1,1.9286,2.6863,2.6617,2.6508,0.0246,0.0109,0.0355
blues.00021.wav,blues,2,2.0778,2.8942,2.8752,2.8542,0.019,0.021,0.04
blues.00022.wav,blues,1,1.8111,2.6339,2.6166,2.606,0.0173,0.0106,0.0279
blues.00022.wav,blues,2,1.932,2.7535,2.7358,2.7236,0.0177,0.0122,0.0299
blues.00023.wav,blues,1,1.9303,2.6345,2.6215,2.6089,0.013,0.0126,0.0256
blues.00023.wav,blues,2,2.0506,2.8357,2.822,2.8044,0.0137,0.0176,0.0313
blues.00024.wav,blues,1,1.9127,2.64,2.6255,2.612,0.0145,0.0135,0.028
blues.00024.wav,blues,2,1.9899,2.7773,2.7571,2.7439,0.0202,0.0132,0.0334
blues.00025.wav,blues,1,1.6913,2.3543,2.3415,2.3337,0.0128,0.0078,0.0206
blues.00025.wav,blues,2,1.8619,2.6008,2.5833,2.5716,0.0175,0.0117,0.0292
blues.00026.wav,blues,1,2.2293,3.0968,3.0796,3.0675,0.0172,0.0121,0.0293
blues.00026.wav,blues,2,2.1263,2.9339,2.9159,2.903,0.018,0.0129,0.0309
blues.00027.wav,blues,1,2.2537,2.9665,2.9518,2.9429,0.0147,0.0089,0.0236
blues.00027.wav,blues,2,2.0471,2.6809,2.6633,2.6537,0.0176,0.0096,0.0272
blues.00028.wav,blues,1,1.9483,2.6953,2.6797,2.6663,0.0156,0.0134,0.029
blues.00028.wav,blues,2,1.9309,2.6228,2.6045,2.5954,0.0183,0.0091,0.0274
blues.00029.wav,blues,1,2.1768,3.0049,2.9775,2.9666,0.0274,0.0109,0.0383
blues.00029.wav,blues,2,2.1263,2.9513,2.9277,2.9172,0.0236,0.0105,0.0341
blues.00030.wav,blues,1,1.691,2.3251,2.3075,2.2961,0.0176,0.0114,0.029
blues.00030.wav,blues,2,1.946,2.6882,2.6698,2.6657,0.0184,0.0041,0.0225
blues.00031.wav,blues,1,1.4242,2.1981,2.182,2.1719,0.0161,0.0101,0.0262
blues.00031.wav,blues,2,1.597,2.419,2.3965,2.3889,0.0225,0.0076,0.0301
blues.00032.wav,blues,1,1.6309,2.2338,2.2221,2.212,0.0117,0.0101,0.0218
blues.00032.wav,blues,2,2.0276,2.5991,2.5857,2.5653,0.0134,0.0204,0.0338
blues.00033.wav,blues,1,1.8898,2.5801,2.5632,2.5511,0.0169,0.0121,0.029
blues.00033.wav,blues,2,2.3147,3.148,3.1313,3.118,0.0167,0.0133,0.03
blues.00034.wav,blues,1,1.9815,2.7309,2.7092,2.6937,0.0217,0.0155,0.0372
blues.00034.wav,blues,2,1.5418,2.3623,2.3456,2.3342,0.0167,0.0114,0.0281
blues.00035.wav,blues,1,1.9739,2.6388,2.6242,2.612,0.0146,0.0122,0.0268
blues.00035.wav,blues,2,1.8234,2.7017,2.69,2.6748,0.0117,0.0152,0.0269
blues.00036.wav,blues,1,2.2305,3.0775,3.0475,3.0332,0.03,0.0143,0.0443
blues.00036.wav,blues,2,1.6162,2.3812,2.3646,2.3514,0.0166,0.0132,0.0298
blues.00037.wav,blues,1,1.853,2.535,2.5182,2.5055,0.0168,0.0127,0.0295
blues.00037.wav,blues,2,1.9365,2.8312,2.8134,2.7941,0.0178,0.0193,0.0371
blues.00038.wav,blues,1,1.8185,2.5,2.481,2.4729,0.019,0.0081,0.0271
blues.00038.wav,blues,2,1.4704,2.249,2.2374,2.2212,0.0116,0.0162,0.0278
blues.00039.wav,blues,1,1.93,2.7662,2.747,2.7319,0.0192,0.0151,0.0343
blues.00039.wav,blues,2,1.5999,2.5771,2.5568,2.54,0.0203,0.0168,0.0371
blues.00040.wav,blues,1,2.0964,2.9914,2.9693,2.9466,0.0221,0.0227,0.0448
blues.00040.wav,blues,2,1.994,2.9527,2.936,2.9235,0.0167,0.0125,0.0292
blues.00041.wav,blues,1,1.9006,2.8975,2.868,2.8534,0.0295,0.0146,0.0441
blues.00041.wav,blues,2,1.8747,2.6376,2.6273,2.6096,0.0103,0.0177,0.028
blues.00042.wav,blues,1,1.928,2.8091,2.796,2.7834,0.0131,0.0126,0.0257
blues.00042.wav,blues,2,1.9741,2.8174,2.793,2.7817,0.0244,0.0113,0.0357
blues.00043.wav,blues,1,1.8755,2.8453,2.8251,2.8125,0.0202,0.0126,0.0328
blues.00043.wav,blues,2,1.8831,2.7412,2.724,2.7101,0.0172,0.0139,0.0311
blues.00044.wav,blues,1,1.7825,2.6588,2.6337,2.6192,0.0251,0.0145,0.0396
blues.00044.wav,blues,2,1.5758,2.3199,2.3051,2.2896,0.0148,0.0155,0.0303
blues.00045.wav,blues,1,1.5774,2.471,2.4452,2.4335,0.0258,0.0117,0.0375
blues.00045.wav,blues,2,1.9417,2.8659,2.8383,2.8259,0.0276,0.0124,0.04
blues.00046.wav,blues,1,1.82,2.7124,2.684,2.6727,0.0284,0.0113,0.0397
blues.00046.wav,blues,2,1.8866,2.6914,2.6658,2.6536,0.0256,0.0122,0.0378
blues.00047.wav,blues,1,1.4161,2.2485,2.2315,2.2191,0.017,0.0124,0.0294
blues.00047.wav,blues,2,1.5183,2.2285,2.2156,2.2012,0.0129,0.0144,0.0273
blues.00048.wav,blues,1,1.6458,2.4747,2.4537,2.4433,0.021,0.0104,0.0314
blues.00048.wav,blues,2,1.6589,2.4288,2.3954,2.383,0.0334,0.0124,0.0458
blues.00049.wav,blues,1,2.0188,2.9823,2.9658,2.9543,0.0165,0.0115,0.028
blues.00049.wav,blues,2,1.67,2.5799,2.5542,2.5416,0.0257,0.0126,0.0383
blues.00050.wav,blues,1,1.5319,2.2912,2.2697,2.2573,0.0215,0.0124,0.0339
blues.00050.wav,blues,2,1.708,2.6077,2.5926,2.5816,0.0151,0.011,0.0261
classical.00000.wav,classical,1,1.714,2.6029,2.5827,2.577,0.0202,0.0057,0.0259
classical.00000.wav,classical,2,1.7244,2.5536,2.5349,2.5267,0.0187,0.0082,0.0269
classical.00001.wav,classical,1,1.5733,2.5605,2.5475,2.5333,0.013,0.0142,0.0272
classical.00001.wav,classical,2,1.6925,2.6468,2.634,2.6225,0.0128,0.0115,0.0243
classical.00002.wav,classical,1,1.615,2.5331,2.5172,2.5091,0.0159,0.0081,0.024
classical.00002.wav,classical,2,1.6495,2.5278,2.5051,2.4943,0.0227,0.0108,0.0335
classical.00003.wav,classical,1,1.8137,2.7716,2.7569,2.7442,0.0147,0.0127,0.0274
classical.00003.wav,classical,2,1.4341,2.1644,2.152,2.1432,0.0124,0.0088,0.0212
classical.00004.wav,classical,1,1.3002,2.1111,2.0966,2.087,0.0145,0.0096,0.0241
classical.00004.wav,classical,2,1.9903,2.9637,2.9472,2.9313,0.0165,0.0159,0.0324
classical.00005.wav,classical,1,1.7335,2.6134,2.5979,2.5877,0.0155,0.0102,0.0257
classical.00005.wav,classical,2,1.7044,2.5162,2.5025,2.4907,0.0137,0.0118,0.0255
classical.00006.wav,classical,1,1.3662,2.1156,2.0989,2.0916,0.0167,0.0073,0.024
classical.00006.wav,classical,2,1.6116,2.41,2.3805,2.3712,0.0295,0.0093,0.0388
classical.00007.wav,classical,1,1.8069,2.7548,2.7354,2.7251,0.0194,0.0103,0.0297
classical.00007.wav,classical,2,1.8665,2.7268,2.7141,2.705,0.0127,0.0091,0.0218
classical.00008.wav,classical,1,1.5359,2.4761,2.4542,2.4462,0.0219,0.008,0.0299
classical.00008.wav,classical,2,1.8388,2.7643,2.7435,2.7338,0.0208,0.0097,0.0305
classical.00009.wav,classical,1,1.7771,2.5701,2.5517,2.5369,0.0184,0.0148,0.0332
classical.00009.wav,classical,2,2.0945,2.9745,2.9621,2.9497,0.0124,0.0124,0.0248
classical.00010.wav,classical,1,2.0254,2.9067,2.8937,2.8846,0.013,0.0091,0.0221
classical.00010.wav,classical,2,1.8345,2.6951,2.6757,2.6664,0.0194,0.0093,0.0287
classical.00011.wav,classical,1,1.9666,2.7751,2.7607,2.7494,0.0144,0.0113,0.0257
classical.00011.wav,classical,2,1.6042,2.3041,2.2891,2.274,0.015,0.0151,0.0301
classical.00012.wav,classical,1,2.0039,3.0526,3.0347,3.0231,0.0179,0.0116,0.0295
classical.00012.wav,classical,2,1.87,2.8373,2.8125,2.8014,0.0248,0.0111,0.0359
classical.00013.wav,classical,1,2.0139,2.9474,2.9324,2.9233,0.015,0.0091,0.0241
classical.00013.wav,classical,2,1.8211,2.6704,2.6587,2.6506,0.0117,0.0081,0.0198
classical.00014.wav,classical,1,1.6036,2.4278,2.4121,2.3978,0.0157,0.0143,0.03
classical.00014.wav,classical,2,1.7044,2.4979,2.4833,2.4703,0.0146,0.013,0.0276
classical.00015.wav,classical,1,2.0299,2.9934,2.9763,2.9658,0.0171,0.0105,0.0276
classical.00015.wav,classical,2,1.64,2.4129,2.3986,2.3857,0.0143,0.0129,0.0272
classical.00016.wav,classical,1,2.045,2.7639,2.7491,2.7417,0.0148,0.0074,0.0222
classical.00016.wav,classical,2,2.0221,2.992,2.9793,2.9668,0.0127,0.0125,0.0252
classical.00017.wav,classical,1,1.6319,2.3473,2.3359,2.3249,0.0114,0.011,0.0224
classical.00017.wav,classical,2,2.2235,3.1359,3.1092,3.1004,0.0267,0.0088,0.0355
classical.00018.wav,classical,1,2.0654,3.0118,2.9878,2.975,0.024,0.0128,0.0368
classical.00018.wav,classical,2,1.5755,2.3765,2.3605,2.3489,0.016,0.0116,0.0276
classical.00019.wav,classical,1,2.1064,3.0709,3.0494,3.0372,0.0215,0.0122,0.0337
classical.00019.wav,classical,2,1.9096,2.7051,2.6898,2.6788,0.0153,0.011,0.0263
classical.00020.wav,classical,1,1.7974,2.6221,2.6091,2.5987,0.013,0.0104,0.0234
classical.00020.wav,classical,2,1.7765,2.5667,2.5511,2.5403,0.0156,0.0108,0.0264
classical.00021.wav,classical,1,1.6423,2.4147,2.3929,2.3817,0.0218,0.0112,0.033
classical.00021.wav,classical,2,1.9906,2.8166,2.8022,2.7929,0.0144,0.0093,0.0237
classical.00022.wav,classical,1,2.0414,2.8886,2.8677,2.8396,0.0209,0.0281,0.049
classical.00022.wav,classical,2,1.8367,2.647,2.6316,2.619,0.0154,0.0126,0.028
classical.00023.wav,classical,1,1.9738,2.816,2.7961,2.7874,0.0199,0.0087,0.0286
classical.00023.wav,classical,2,2.0849,2.9105,2.8926,2.8812,0.0179,0.0114,0.0293
classical.00024.wav,classical,1,1.9403,2.8287,2.8137,2.8031,0.015,0.0106,0.0256
classical.00024.wav,classical,2,1.9358,2.7263,2.7102,2.701,0.0161,0.0092,0.0253
classical.00025.wav,classical,1,1.815,2.5685,2.5539,2.5448,0.0146,0.0091,0.0237
classical.00025.wav,classical,2,1.751,2.4746,2.4627,2.4528,0.0119,0.0099,0.0218
classical.00026.wav,classical,1,1.7747,2.5937,2.5751,2.5596,0.0186,0.0155,0.0341
classical.00026.wav,classical,2,1.9893,2.6984,2.6687,2.659,0.0297,0.0097,0.0394
classical.00027.wav,classical,1,2.0867,3.0367,3.0186,3.011,0.0181,0.0076,0.0257
classical.00027.wav,classical,2,1.944,2.7627,2.7481,2.7392,0.0146,0.0089,0.0235
classical.00028.wav,classical,1,1.8216,2.6875,2.6743,2.6648,0.0132,0.0095,0.0227
classical.00028.wav,classical,2,1.858,2.6119,2.5984,2.589,0.0135,0.0094,0.0229
classical.00029.wav,classical,1,2.1684,3.2293,3.2077,3.1864,0.0216,0.0213,0.0429
classical.00029.wav,classical,2,1.7208,2.5307,2.5161,2.505,0.0146,0.0111,0.0257
classical.00030.wav,classical,1,1.6406,2.4455,2.4256,2.4158,0.0199,0.0098,0.0297
classical.00030.wav,classical,2,1.82,2.654,2.6305,2.6118,0.0235,0.0187,0.0422
classical.00031.wav,classical,1,1.7673,2.5969,2.5835,2.5698,0.0134,0.0137,0.0271
classical.00031.wav,classical,2,1.9491,2.7746,2.7606,2.7465,0.014,0.0141,0.0281
classical.00032.wav,classical,1,2.1821,3.1105,3.0895,3.0808,0.021,0.0087,0.0297
classical.00032.wav,classical,2,1.6642,2.3701,2.3585,2.3501,0.0116,0.0084,0.02
classical.00033.wav,classical,1,1.6947,2.4871,2.4753,2.4663,0.0118,0.009,0.0208
classical.00033.wav,classical,2,2.034,2.8149,2.8041,2.7905,0.0108,0.0136,0.0244
classical.00034.wav,classical,1,1.9372,2.8085,2.7936,2.7818,0.0149,0.0118,0.0267
classical.00034.wav,classical,2,1.9843,2.7984,2.7846,2.7718,0.0138,0.0128,0.0266
classical.00035.wav,classical,1,1.5979,2.4275,2.4064,2.3918,0.0211,0.0146,0.0357
classical.00035.wav,classical,2,1.9752,2.9754,2.955,2.9401,0.0204,0.0149,0.0353
classical.00036.wav,classical,1,1.9288,2.8404,2.8254,2.8173,0.015,0.0081,0.0231
classical.00036.wav,classical,2,2.0711,3.0797,3.0577,3.0471,0.022,0.0106,0.0326
classical.00037.wav,classical,1,1.5233,2.2897,2.2724,2.2583,0.0173,0.0141,0.0314
classical.00037.wav,classical,2,1.9949,2.9508,2.9364,2.9179,0.0144,0.0185,0.0329
classical.00038.wav,classical,1,2.033,2.9409,2.9265,2.915,0.0144,0.0115,0.0259
classical.00038.wav,classical,2,1.9276,2.8388,2.8202,2.8001,0.0186,0.0201,0.0387
classical.00039.wav,classical,1,1.454,2.227,2.2101,2.189,0.0169,0.0211,0.038
classical.00039.wav,classical,2,1.8155,2.6522,2.6382,2.6269,0.014,0.0113,0.0253
classical.00040.wav,classical,1,1.6058,2.4506,2.4289,2.4191,0.0217,0.0098,0.0315
classical.00040.wav,classical,2,1.5325,2.2957,2.2761,2.2676,0.0196,0.0085,0.0281
classical.00041.wav,classical,1,1.719,2.6332,2.6313,2.6201,0.0019,0.0112,0.0131
classical.00041.wav,classical,2,1.9903,2.979,2.9661,2.9471,0.0129,0.019,0.0319
classical.00042.wav,classical,1,1.485,2.2157,2.1991,2.1861,0.0166,0.013,0.0296
classical.00042.wav,classical,2,2.1687,3.0026,2.9868,2.9759,0.0158,0.0109,0.0267
classical.00043.wav,classical,1,1.9348,2.8878,2.8654,2.8545,0.0224,0.0109,0.0333
classical.00043.wav,classical,2,2.0473,3.0918,3.0664,3.0503,0.0254,0.0161,0.0415
classical.00044.wav,classical,1,1.8475,2.7528,2.7308,2.721,0.022,0.0098,0.0318
classical.00044.wav,classical,2,1.6858,2.4707,2.4551,2.4432,0.0156,0.0119,0.0275
classical.00045.wav,classical,1,1.7698,2.645,2.627,2.6146,0.018,0.0124,0.0304
classical.00045.wav,classical,2,1.7065,2.4809,2.4608,2.4464,0.0201,0.0144,0.0345
classical.00046.wav,classical,1,1.8972,2.8062,2.7922,2.7799,0.014,0.0123,0.0263
classical.00046.wav,classical,2,1.6595,2.4382,2.4182,2.4081,0.02,0.0101,0.0301
classical.00047.wav,classical,1,1.8774,2.7614,2.7481,2.7369,0.0133,0.0112,0.0245
classical.00047.wav,classical,2,1.7174,2.565,2.5454,2.5348,0.0196,0.0106,0.0302
classical.00048.wav,classical,1,1.7606,2.6403,2.613,2.6027,0.0273,0.0103,0.0376
classical.00048.wav,classical,2,1.6997,2.4438,2.4277,2.4159,0.0161,0.0118,0.0279
classical.00049.wav,classical,1,1.8683,2.8141,2.7939,2.7797,0.0202,0.0142,0.0344
classical.00049.wav,classical,2,1.4906,2.2867,2.2668,2.255,0.0199,0.0118,0.0317
classical.00050.wav,classical,1,1.7066,2.5772,2.5582,2.546,0.019,0.0122,0.0312
classical.00050.wav,classical,2,1.5119,2.3016,2.2907,2.2799,0.0109,0.0108,0.0217
country.00000.wav,country,1,1.9489,2.8871,2.8666,2.8495,0.0205,0.0171,0.0376
country.00000.wav,country,2,1.7243,2.5352,2.5043,2.4883,0.0309,0.016,0.0469
country.00001.wav,country,1,1.5578,2.443,2.4167,2.4012,0.0263,0.0155,0.0418
country.00001.wav,country,2,1.9779,2.8578,2.8372,2.8182,0.0206,0.019,0.0396
country.00002.wav,country,1,1.6425,2.5338,2.5185,2.5037,0.0153,0.0148,0.0301
country.00002.wav,country,2,1.7735,2.6308,2.6151,2.6,0.0157,0.0151,0.0308
country.00003.wav,country,1,1.9194,2.8359,2.8158,2.8022,0.0201,0.0136,0.0337
country.00003.wav,country,2,1.8288,2.674,2.652,2.6387,0.022,0.0133,0.0353
country.00004.wav,country,1,1.5045,2.3265,2.302,2.2895,0.0245,0.0125,0.037
country.00004.wav,country,2,1.9877,2.9211,2.9018,2.8884,0.0193,0.0134,0.0327
country.00005.wav,country,1,1.5262,2.3192,2.3025,2.2915,0.0167,0.011,0.0277
country.00005.wav,country,2,2.0823,3.0673,3.0387,3.0229,0.0286,0.0158,0.0444
country.00006.wav,country,1,1.8924,2.7673,2.7487,2.7336,0.0186,0.0151,0.0337
country.00006.wav,country,2,1.7254,2.5801,2.5592,2.5375,0.0209,0.0217,0.0426
country.00007.wav,country,1,1.76,2.6565,2.6316,2.6158,0.0249,0.0158,0.0407
country.00007.wav,country,2,1.9797,2.8619,2.8416,2.8298,0.0203,0.0118,0.0321
country.00008.wav,country,1,1.9351,2.8516,2.832,2.8159,0.0196,0.0161,0.0357
country.00008.wav,country,2,1.5974,2.4596,2.4305,2.4145,0.0291,0.016,0.0451
country.00009.wav,country,1,1.8045,2.6729,2.6441,2.6296,0.0288,0.0145,0.0433
country.00009.wav,country,2,1.8494,2.7239,2.6968,2.6767,0.0271,0.0201,0.0472
country.00010.wav,country,1,1.9367,2.7685,2.7485,2.7409,0.02,0.0076,0.0276
country.00010.wav,country,2,1.5883,2.3471,2.3356,2.3277,0.0115,0.0079,0.0194
country.00011.wav,country,1,1.8259,2.6803,2.6668,2.6581,0.0135,0.0087,0.0222
country.00011.wav,country,2,1.7353,2.5422,2.5186,2.5054,0.0236,0.0132,0.0368
country.00012.wav,country,1,1.787,2.6646,2.6464,2.6358,0.0182,0.0106,0.0288
country.00012.wav,country,2,1.7252,2.6178,2.5956,2.5825,0.0222,0.0131,0.0353
country.00013.wav,country,1,1.9919,2.8631,2.8453,2.8294,0.0178,0.0159,0.0337
country.00013.wav,country,2,1.7261,2.4837,2.4655,2.4566,0.0182,0.0089,0.0271
country.00014.wav,country,1,1.4352,2.2317,2.204,2.1932,0.0277,0.0108,0.0385
country.00014.wav,country,2,1.3981,2.1536,2.1309,2.1205,0.0227,0.0104,0.0331
country.00015.wav,country,1,1.6744,2.4862,2.4673,2.4554,0.0189,0.0119,0.0308
country.00015.wav,country,2,1.4217,2.3513,2.3263,2.3102,0.025,0.0161,0.0411
country.00016.wav,country,1,1.762,2.5497,2.5316,2.521,0.0181,0.0106,0.0287
country.00016.wav,country,2,1.814,2.7567,2.7438,2.7289,0.0129,0.0149,0.0278
country.00017.wav,country,1,2.0136,2.9397,2.917,2.9034,0.0227,0.0136,0.0363
country.00017.wav,country,2,1.8087,2.7912,2.7726,2.7615,0.0186,0.0111,0.0297
country.00018.wav,country,1,1.9168,2.7812,2.7659,2.7531,0.0153,0.0128,0.0281
country.00018.wav,country,2,1.8019,2.8015,2.764,2.7506,0.0375,0.0134,0.0509
country.00019.wav,country,1,1.7855,2.4852,2.4612,2.4492,0.024,0.012,0.036
country.00019.wav,country,2,1.4081,2.1843,2.1672,2.1586,0.0171,0.0086,0.0257
country.00020.wav,country,1,1.5707,2.3852,2.3628,2.3456,0.0224,0.0172,0.0396
country.00020.wav,country,2,1.35,2.2021,2.1836,2.169,0.0185,0.0146,0.0331
country.00021.wav,country,1,1.7363,2.4535,2.4417,2.4182,0.0118,0.0235,0.0353
country.00021.wav,country,2,1.8327,2.871,2.8333,2.8253,0.0377,0.008,0.0457
country.00022.wav,country,1,1.9355,2.7549,2.7364,2.724,0.0185,0.0124,0.0309
country.00022.wav,country,2,1.8308,2.82,2.7881,2.7795,0.0319,0.0086,0.0405
country.00023.wav,country,1,1.8398,2.6041,2.583,2.574,0.0211,0.009,0.0301
country.00023.wav,country,2,1.5829,2.4663,2.45,2.4398,0.0163,0.0102,0.0265
country.00024.wav,country,1,1.7981,2.6154,2.5988,2.5837,0.0166,0.0151,0.0317
country.00024.wav,country,2,1.4172,2.2128,2.1987,2.1866,0.0141,0.0121,0.0262
country.00025.wav,country,1,1.7665,2.5473,2.5162,2.5041,0.0311,0.0121,0.0432
country.00025.wav,country,2,1.6959,2.5549,2.5338,2.5235,0.0211,0.0103,0.0314
country.00026.wav,country,1,1.9349,2.7858,2.7676,2.7406,0.0182,0.027,0.0452
country.00026.wav,country,2,1.6764,2.5239,2.5104,2.5005,0.0135,0.0099,0.0234
country.00027.wav,country,1,1.7371,2.3822,2.3601,2.35,0.0221,0.0101,0.0322
country.00027.wav,country,2,1.3915,2.1431,2.1267,2.1147,0.0164,0.012,0.0284
country.00028.wav,country,1,1.9058,2.7456,2.7273,2.7091,0.0183,0.0182,0.0365
country.00028.wav,country,2,1.9217,2.9311,2.9065,2.8907,0.0246,0.0158,0.0404
country.00029.wav,country,1,1.9611,2.8085,2.7866,2.776,0.0219,0.0106,0.0325
country.00029.wav,country,2,1.7747,2.6227,2.5932,2.5835,0.0295,0.0097,0.0392
country.00030.wav,country,1,1.7078,2.4682,2.4411,2.425,0.0271,0.0161,0.0432
country.00030.wav,country,2,1.8215,2.7505,2.73,2.7117,0.0205,0.0183,0.0388
country.00031.wav,country,1,1.8144,2.5397,2.514,2.5013,0.0257,0.0127,0.0384
country.00031.wav,country,2,1.6966,2.6063,2.5822,2.5723,0.0241,0.0099,0.034
country.00032.wav,country,1,1.7532,2.5397,2.5249,2.513,0.0148,0.0119,0.0267
country.00032.wav,country,2,1.7682,2.6568,2.6365,2.6242,0.0203,0.0123,0.0326
country.00033.wav,country,1,1.7224,2.4511,2.4324,2.4184,0.0187,0.014,0.0327
country.00033.wav,country,2,1.8265,2.7171,2.7029,2.6897,0.0142,0.0132,0.0274
country.00034.wav,country,1,1.759,2.5008,2.4746,2.4637,0.0262,0.0109,0.0371
country.00034.wav,country,2,1.6151,2.3623,2.3488,2.3381,0.0135,0.0107,0.0242
country.00035.wav,country,1,1.6578,2.4722,2.4546,2.4363,0.0176,0.0183,0.0359
country.00035.wav,country,2,1.7079,2.6614,2.6462,2.6285,0.0152,0.0177,0.0329
country.00036.wav,country,1,2.0152,2.7606,2.7445,2.7335,0.0161,0.011,0.0271
country.00036.wav,country,2,1.6909,2.5563,2.5415,2.526,0.0148,0.0155,0.0303
country.00037.wav,country,1,1.6037,2.3991,2.3804,2.366,0.0187,0.0144,0.0331
country.00037.wav,country,2,1.7612,2.6755,2.6581,2.6455,0.0174,0.0126,0.03
country.00038.wav,country,1,1.5502,2.2227,2.2037,2.1902,0.019,0.0135,0.0325
country.00038.wav,country,2,1.8285,2.7164,2.6938,2.6818,0.0226,0.012,0.0346
country.00039.wav,country,1,1.6477,2.3744,2.3596,2.3442,0.0148,0.0154,0.0302
country.00039.wav,country,2,1.5077,2.3265,2.3101,2.299,0.0164,0.0111,0.0275
country.00040.wav,country,1,1.9495,2.7443,2.7202,2.7056,0.0241,0.0146,0.0387
country.00040.wav,country,2,1.6786,2.5643,2.5428,2.5277,0.0215,0.0151,0.0366
country.00041.wav,country,1,1.7491,2.532,2.5119,2.4984,0.0201,0.0135,0.0336
country.00041.wav,country,2,1.5341,2.3284,2.3101,2.3012,0.0183,0.0089,0.0272
country.00042.wav,country,1,1.7544,2.4981,2.4831,2.4727,0.015,0.0104,0.0254
country.00042.wav,country,2,1.409,2.1211,2.1021,2.0906,0.019,0.0115,0.0305
country.00043.wav,country,1,1.9977,2.8142,2.7849,2.7769,0.0293,0.008,0.0373
country.00043.wav,country,2,1.4553,2.2094,2.1933,2.1827,0.0161,0.0106,0.0267
country.00044.wav,country,1,1.8737,2.6735,2.6526,2.6443,0.0209,0.0083,0.0292
country.00044.wav,country,2,1.6718,2.5573,2.5286,2.5158,0.0287,0.0128,0.0415
country.00045.wav,country,1,1.6739,2.4249,2.4055,2.395,0.0194,0.0105,0.0299
country.00045.wav,country,2,1.6641,2.5447,2.5238,2.5128,0.0209,0.011,0.0319
country.00046.wav,country,1,1.8252,2.5319,2.5154,2.499,0.0165,0.0164,0.0329
country.00046.wav,country,2,1.7953,2.6697,2.6498,2.6391,0.0199,0.0107,0.0306
country.00047.wav,country,1,1.7049,2.3442,2.3275,2.3114,0.0167,0.0161,0.0328
country.00047.wav,country,2,1.5896,2.3412,2.3188,2.3063,0.0224,0.0125,0.0349
country.00048.wav,country,1,1.5839,2.1311,2.1151,2.108,0.016,0.0071,0.0231
country.00048.wav,country,2,1.5523,2.3142,2.3008,2.2843,0.0134,0.0165,0.0299
country.00049.wav,country,1,1.6647,2.3925,2.3774,2.3634,0.0151,0.014,0.0291
country.00049.wav,country,2,1.4356,2.2107,2.1987,2.1921,0.012,0.0066,0.0186
country.00050.wav,country,1,1.7809,2.4805,2.4657,2.4542,0.0148,0.0115,0.0263
country.00050.wav,country,2,1.6176,2.4641,2.4513,2.4389,0.0128,0.0124,0.0252
disco.00000.wav,disco,1,1.8142,2.5365,2.52,2.508,0.0165,0.012,0.0285
disco.00000.wav,disco,2,1.9658,2.8347,2.8215,2.8104,0.0132,0.0111,0.0243
disco.00001.wav,disco,1,1.9832,2.6926,2.6681,2.6497,0.0245,0.0184,0.0429
disco.00001.wav,disco,2,1.7834,2.6427,2.6203,2.6084,0.0224,0.0119,0.0343
disco.00002.wav,disco,1,1.5983,2.225,2.1938,2.1865,0.0312,0.0073,0.0385
disco.00002.wav,disco,2,2.0027,2.8725,2.8579,2.8466,0.0146,0.0113,0.0259
disco.00003.wav,disco,1,1.9983,2.716,2.7018,2.6875,0.0142,0.0143,0.0285
disco.00003.wav,disco,2,1.9675,2.855,2.8303,2.8167,0.0247,0.0136,0.0383
disco.00004.wav,disco,1,2.2012,2.9859,2.9652,2.9546,0.0207,0.0106,0.0313
disco.00004.wav,disco,2,1.6864,2.4947,2.4789,2.4672,0.0158,0.0117,0.0275
disco.00005.wav,disco,1,1.8677,2.5461,2.5238,2.5086,0.0223,0.0152,0.0375
disco.00005.wav,disco,2,1.941,2.7891,2.7718,2.76,0.0173,0.0118,0.0291
disco.00006.wav,disco,1,1.9497,2.6891,2.6669,2.6526,0.0222,0.0143,0.0365
disco.00006.wav,disco,2,1.7902,2.6385,2.62,2.6037,0.0185,0.0163,0.0348
disco.00007.wav,disco,1,1.867,2.4884,2.4716,2.4598,0.0168,0.0118,0.0286
disco.00007.wav,disco,2,1.7042,2.4511,2.4285,2.418,0.0226,0.0105,0.0331
disco.00008.wav,disco,1,2.2079,2.9152,2.9014,2.8869,0.0138,0.0145,0.0283
disco.00008.wav,disco,2,1.827,2.5754,2.5616,2.5531,0.0138,0.0085,0.0223
disco.00009.wav,disco,1,2.0191,2.7193,2.7051,2.6958,0.0142,0.0093,0.0235
disco.00009.wav,disco,2,2.1983,3.1165,3.1036,3.0919,0.0129,0.0117,0.0246
disco.00010.wav,disco,1,2.0435,2.774,2.7494,2.7367,0.0246,0.0127,0.0373
disco.00010.wav,disco,2,1.748,2.5879,2.5708,2.5577,0.0171,0.0131,0.0302
disco.00011.wav,disco,1,1.6765,2.3475,2.3299,2.3167,0.0176,0.0132,0.0308
disco.00011.wav,disco,2,1.5648,2.3411,2.3209,2.3106,0.0202,0.0103,0.0305
disco.00012.wav,disco,1,2.1943,2.9989,2.9704,2.9607,0.0285,0.0097,0.0382
disco.00012.wav,disco,2,1.7686,2.5639,2.5455,2.5346,0.0184,0.0109,0.0293
disco.00013.wav,disco,1,2.1203,2.8727,2.8485,2.8378,0.0242,0.0107,0.0349
disco.00013.wav,disco,2,1.8359,2.6874,2.6668,2.6534,0.0206,0.0134,0.034
disco.00014.wav,disco,1,2.2023,3.065,3.044,3.0175,0.021,0.0265,0.0475
disco.00014.wav,disco,2,1.7448,2.5929,2.5672,2.5585,0.0257,0.0087,0.0344
disco.00015.wav,disco,1,2.2097,3.0436,3.0285,3.0031,0.0151,0.0254,0.0405
disco.00015.wav,disco,2,1.6319,2.4183,2.4036,2.3932,0.0147,0.0104,0.0251
disco.00016.wav,disco,1,1.8632,2.5035,2.4896,2.4755,0.0139,0.0141,0.028
disco.00016.wav,disco,2,2.1807,3.0559,3.0417,3.0354,0.0142,0.0063,0.0205
disco.00017.wav,disco,1,1.8285,2.4725,2.4583,2.4451,0.0142,0.0132,0.0274
disco.00017.wav,disco,2,2.0372,2.8686,2.8504,2.8339,0.0182,0.0165,0.0347
disco.00018.wav,disco,1,1.9152,2.525,2.5108,2.5012,0.0142,0.0096,0.0238
disco.00018.wav,disco,2,1.9469,2.7479,2.7305,2.7198,0.0174,0.0107,0.0281
disco.00019.wav,disco,1,2.0313,2.8235,2.802,2.7898,0.0215,0.0122,0.0337
disco.00019.wav,disco,2,1.8153,2.6715,2.6537,2.6431,0.0178,0.0106,0.0284
disco.00020.wav,disco,1,1.752,2.5358,2.5099,2.4976,0.0259,0.0123,0.0382
disco.00020.wav,disco,2,1.4842,2.3066,2.2866,2.2738,0.02,0.0128,0.0328
disco.00021.wav,disco,1,1.4683,2.2564,2.2328,2.218,0.0236,0.0148,0.0384
disco.00021.wav,disco,2,1.5345,2.3567,2.3387,2.3275,0.018,0.0112,0.0292
disco.00022.wav,disco,1,1.629,2.3927,2.3654,2.3539,0.0273,0.0115,0.0388
disco.00022.wav,disco,2,1.4052,2.1786,2.1532,2.1442,0.0254,0.009,0.0344
disco.00023.wav,disco,1,1.7064,2.4823,2.4658,2.4544,0.0165,0.0114,0.0279
disco.00023.wav,disco,2,1.7739,2.6512,2.6338,2.6167,0.0174,0.0171,0.0345
disco.00024.wav,disco,1,1.8813,2.6314,2.6181,2.5699,0.0133,0.0482,0.0615
disco.00024.wav,disco,2,1.7436,2.5319,2.5155,2.5037,0.0164,0.0118,0.0282
disco.00025.wav,disco,1,1.6094,2.4042,2.3871,2.3769,0.0171,0.0102,0.0273
disco.00025.wav,disco,2,1.7568,2.6004,2.585,2.5747,0.0154,0.0103,0.0257
disco.00026.wav,disco,1,1.8228,2.6445,2.6281,2.6135,0.0164,0.0146,0.031
disco.00026.wav,disco,2,1.6764,2.5652,2.5449,2.5322,0.0203,0.0127,0.033
disco.00027.wav,disco,1,1.742,2.5396,2.5222,2.5118,0.0174,0.0104,0.0278
disco.00027.wav,disco,2,1.3674,2.0975,2.0842,2.0748,0.0133,0.0094,0.0227
disco.00028.wav,disco,1,1.4669,2.1761,2.1513,2.1405,0.0248,0.0108,0.0356
disco.00028.wav,disco,2,1.674,2.5091,2.4935,2.4798,0.0156,0.0137,0.0293
disco.00029.wav,disco,1,1.9263,2.7452,2.7319,2.7162,0.0133,0.0157,0.029
disco.00029.wav,disco,2,1.8285,2.6482,2.6316,2.6213,0.0166,0.0103,0.0269
disco.00030.wav,disco,1,1.831,2.7005,2.676,2.661,0.0245,0.015,0.0395
disco.00030.wav,disco,2,1.57,2.4018,2.3785,2.3643,0.0233,0.0142,0.0375
disco.00031.wav,disco,1,1.7073,2.477,2.4628,2.4522,0.0142,0.0106,0.0248
disco.00031.wav,disco,2,1.6201,2.179,2.1671,2.1597,0.0119,0.0074,0.0193
disco.00032.wav,disco,1,1.7757,2.5764,2.5607,2.5459,0.0157,0.0148,0.0305
disco.00032.wav,disco,2,1.6717,2.6045,2.5794,2.5687,0.0251,0.0107,0.0358
disco.00033.wav,disco,1,1.4255,2.1523,2.1372,2.126,0.0151,0.0112,0.0263
disco.00033.wav,disco,2,1.4876,2.3193,2.3028,2.2917,0.0165,0.0111,0.0276
disco.00034.wav,disco,1,1.6325,2.438,2.4235,2.4111,0.0145,0.0124,0.0269
disco.00034.wav,disco,2,1.5004,2.3394,2.3095,2.3016,0.0299,0.0079,0.0378
disco.00035.wav,disco,1,1.7762,2.5384,2.5252,2.5127,0.0132,0.0125,0.0257
disco.00035.wav,disco,2,1.7492,2.5862,2.5663,2.5578,0.0199,0.0085,0.0284
disco.00036.wav,disco,1,1.5183,2.2678,2.2445,2.2333,0.0233,0.0112,0.0345
disco.00036.wav,disco,2,1.784,2.6744,2.6552,2.6437,0.0192,0.0115,0.0307
disco.00037.wav,disco,1,1.8783,2.7194,2.7,2.6896,0.0194,0.0104,0.0298
disco.00037.wav,disco,2,1.6986,2.6707,2.6517,2.6394,0.019,0.0123,0.0313
disco.00038.wav,disco,1,1.6063,2.4478,2.4295,2.421,0.0183,0.0085,0.0268
disco.00038.wav,disco,2,1.5242,2.3634,2.3469,2.335,0.0165,0.0119,0.0284
disco.00039.wav,disco,1,1.5789,2.2985,2.2836,2.2751,0.0149,0.0085,0.0234
disco.00039.wav,disco,2,1.5036,2.3298,2.3137,2.305,0.0161,0.0087,0.0248
disco.00040.wav,disco,1,1.9109,2.7247,2.7079,2.6943,0.0168,0.0136,0.0304
disco.00040.wav,disco,2,1.5381,2.2803,2.2613,2.2503,0.019,0.011,0.03
disco.00041.wav,disco,1,1.7921,2.6655,2.6458,2.6315,0.0197,0.0143,0.034
disco.00041.wav,disco,2,1.7275,2.6183,2.5896,2.5786,0.0287,0.011,0.0397
disco.00042.wav,disco,1,1.6951,2.4351,2.4238,2.4141,0.0113,0.0097,0.021
disco.00042.wav,disco,2,1.4541,2.2368,2.2239,2.2099,0.0129,0.014,0.0269
disco.00043.wav,disco,1,1.6663,2.4319,2.4144,2.3994,0.0175,0.015,0.0325
disco.00043.wav,disco,2,1.6337,2.5008,2.479,2.4628,0.0218,0.0162,0.038
disco.00044.wav,disco,1,1.9393,2.738,2.7241,2.7112,0.0139,0.0129,0.0268
disco.00044.wav,disco,2,1.8797,2.7506,2.7358,2.723,0.0148,0.0128,0.0276
disco.00045.wav,disco,1,1.4659,2.1824,2.1674,2.1537,0.015,0.0137,0.0287
disco.00045.wav,disco,2,1.3561,2.1093,2.0952,2.0831,0.0141,0.0121,0.0262
disco.00046.wav,disco,1,1.7392,2.5224,2.5082,2.4977,0.0142,0.0105,0.0247
disco.00046.wav,disco,2,1.8722,2.7896,2.7757,2.764,0.0139,0.0117,0.0256
disco.00047.wav,disco,1,1.9801,2.838,2.8217,2.8126,0.0163,0.0091,0.0254
disco.00047.wav,disco,2,1.415,2.1705,2.1571,2.1486,0.0134,0.0085,0.0219
disco.00048.wav,disco,1,1.5504,2.323,2.3082,2.2993,0.0148,0.0089,0.0237
disco.00048.wav,disco,2,1.6328,2.4718,2.4572,2.4451,0.0146,0.0121,0.0267
disco.00049.wav,disco,1,1.4142,2.2936,2.256,2.2428,0.0376,0.0132,0.0508
disco.00049.wav,disco,2,1.5699,2.5626,2.5369,2.5174,0.0257,0.0195,0.0452
disco.00050.wav,disco,1,1.6244,2.366,2.3503,2.3403,0.0157,0.01,0.0257
disco.00050.wav,disco,2,1.8416,2.7439,2.7282,2.7173,0.0157,0.0109,0.0266
hiphop.00000.wav,hiphop,1,1.861,2.6384,2.6238,2.6123,0.0146,0.0115,0.0261
hiphop.00000.wav,hiphop,2,1.3366,2.0496,2.0367,2.0286,0.0129,0.0081,0.021
hiphop.00001.wav,hiphop,1,1.468,2.1731,2.1444,2.1308,0.0287,0.0136,0.0423
hiphop.00001.wav,hiphop,2,1.8453,2.6812,2.6576,2.6455,0.0236,0.0121,0.0357
hiphop.00002.wav,hiphop,1,1.8339,2.6522,2.6396,2.6292,0.0126,0.0104,0.023
hiphop.00002.wav,hiphop,2,1.8311,2.7099,2.6949,2.6828,0.015,0.0121,0.0271
hiphop.00003.wav,hiphop,1,1.6927,2.535,2.5075,2.4911,0.0275,0.0164,0.0439
hiphop.00003.wav,hiphop,2,1.71,2.5891,2.5647,2.5472,0.0244,0.0175,0.0419
hiphop.00004.wav,hiphop,1,1.7146,2.4066,2.3877,2.3745,0.0189,0.0132,0.0321
hiphop.00004.wav,hiphop,2,1.3181,2.0348,2.0107,1.9977,0.0241,0.013,0.0371
hiphop.00005.wav,hiphop,1,1.7791,2.5617,2.5434,2.5324,0.0183,0.011,0.0293
hiphop.00005.wav,hiphop,2,1.7552,2.6878,2.6646,2.6471,0.0232,0.0175,0.0407
hiphop.00006.wav,hiphop,1,1.6971,2.4223,2.3924,2.3783,0.0299,0.0141,0.044
hiphop.00006.wav,hiphop,2,1.5852,2.401,2.3773,2.3663,0.0237,0.011,0.0347
hiphop.00007.wav,hiphop,1,1.9087,2.781,2.7584,2.7458,0.0226,0.0126,0.0352
hiphop.00007.wav,hiphop,2,1.4092,2.1924,2.1656,2.1552,0.0268,0.0104,0.0372
hiphop.00008.wav,hiphop,1,1.8756,2.7013,2.6886,2.6758,0.0127,0.0128,0.0255
hiphop.00008.wav,hiphop,2,1.5058,2.2728,2.2502,2.2347,0.0226,0.0155,0.0381
hiphop.00009.wav,hiphop,1,1.6421,2.3953,2.3723,2.3576,0.023,0.0147,0.0377
hiphop.00009.wav,hiphop,2,1.5889,2.4037,2.3769,2.3647,0.0268,0.0122,0.039
hiphop.00010.wav,hiphop,1,1.7732,2.5686,2.5519,2.5376,0.0167,0.0143,0.031
hiphop.00010.wav,hiphop,2,1.7923,2.6066,2.5841,2.5727,0.0225,0.0114,0.0339
hiphop.00011.wav,hiphop,1,1.6431,2.4124,2.3856,2.3717,0.0268,0.0139,0.0407
hiphop.00011.wav,hiphop,2,1.6737,2.4916,2.4725,2.459,0.0191,0.0135,0.0326
hiphop.00012.wav,hiphop,1,1.6813,2.4228,2.4046,2.3934,0.0182,0.0112,0.0294
hiphop.00012.wav,hiphop,2,1.6747,2.5288,2.5116,2.5006,0.0172,0.011,0.0282
hiphop.00013.wav,hiphop,1,1.6296,2.3519,2.3335,2.3224,0.0184,0.0111,0.0295
hiphop.00013.wav,hiphop,2,1.9509,2.8116,2.7956,2.7793,0.016,0.0163,0.0323
hiphop.00014.wav,hiphop,1,1.6262,2.3388,2.3237,2.3138,0.0151,0.0099,0.025
hiphop.00014.wav,hiphop,2,1.9806,2.8362,2.8212,2.8116,0.015,0.0096,0.0246
hiphop.00015.wav,hiphop,1,1.7996,2.6636,2.6362,2.6235,0.0274,0.0127,0.0401
hiphop.00015.wav,hiphop,2,1.5409,2.362,2.3448,2.3326,0.0172,0.0122,0.0294
hiphop.00016.wav,hiphop,1,1.9341,2.7437,2.7218,2.7055,0.0219,0.0163,0.0382
hiphop.00016.wav,hiphop,2,1.5243,2.292,2.2735,2.259,0.0185,0.0145,0.033
hiphop.00017.wav,hiphop,1,2.0272,2.9302,2.9124,2.8979,0.0178,0.0145,0.0323
hiphop.00017.wav,hiphop,2,1.3595,2.07,2.0524,2.0406,0.0176,0.0118,0.0294
hiphop.00018.wav,hiphop,1,1.7704,2.5503,2.5333,2.5206,0.017,0.0127,0.0297
hiphop.00018.wav,hiphop,2,1.5498,2.3126,2.2956,2.2842,0.017,0.0114,0.0284
hiphop.00019.wav,hiphop,1,1.6656,2.3713,2.3486,2.3344,0.0227,0.0142,0.0369
hiphop.00019.wav,hiphop,2,1.8603,2.7038,2.6834,2.6722,0.0204,0.0112,0.0316
hiphop.00020.wav,hiphop,1,1.4359,2.1229,2.1083,2.0965,0.0146,0.0118,0.0264
hiphop.00020.wav,hiphop,2,1.5323,2.3123,2.2956,2.2832,0.0167,0.0124,0.0291
hiphop.00021.wav,hiphop,1,1.4794,2.0136,1.9998,1.989,0.0138,0.0108,0.0246
hiphop.00021.wav,hiphop,2,1.5569,2.4066,2.387,2.3731,0.0196,0.0139,0.0335
hiphop.00022.wav,hiphop,1,1.919,2.7635,2.7468,2.7327,0.0167,0.0141,0.0308
hiphop.00022.wav,hiphop,2,1.601,2.4889,2.4646,2.4484,0.0243,0.0162,0.0405
hiphop.00023.wav,hiphop,1,1.5586,2.3369,2.3206,2.3078,0.0163,0.0128,0.0291
hiphop.00023.wav,hiphop,2,1.5428,2.3135,2.297,2.2834,0.0165,0.0136,0.0301
hiphop.00024.wav,hiphop,1,1.5938,2.2431,2.2249,2.2047,0.0182,0.0202,0.0384
hiphop.00024.wav,hiphop,2,1.7097,2.5441,2.5256,2.5113,0.0185,0.0143,0.0328
hiphop.00025.wav,hiphop,1,1.7206,2.452,2.4312,2.4175,0.0208,0.0137,0.0345
hiphop.00025.wav,hiphop,2,1.6,2.3796,2.3625,2.3508,0.0171,0.0117,0.0288
hiphop.00026.wav,hiphop,1,1.9768,2.8991,2.8753,2.8635,0.0238,0.0118,0.0356
hiphop.00026.wav,hiphop,2,2.0228,2.7783,2.7595,2.7462,0.0188,0.0133,0.0321
hiphop.00027.wav,hiphop,1,1.7268,2.5008,2.4875,2.4777,0.0133,0.0098,0.0231
hiphop.00027.wav,hiphop,2,1.9293,2.8301,2.8163,2.8022,0.0138,0.0141,0.0279
hiphop.00028.wav,hiphop,1,1.5864,2.3147,2.303,2.2922,0.0117,0.0108,0.0225
hiphop.00028.wav,hiphop,2,1.3624,2.1177,2.1013,2.0885,0.0164,0.0128,0.0292
hiphop.00029.wav,hiphop,1,1.8104,2.5734,2.5557,2.5422,0.0177,0.0135,0.0312
hiphop.00029.wav,hiphop,2,1.7323,2.5556,2.5386,2.5251,0.017,0.0135,0.0305
hiphop.00030.wav,hiphop,1,1.6952,2.5207,2.5055,2.4917,0.0152,0.0138,0.029
hiphop.00030.wav,hiphop,2,1.7838,2.6111,2.5932,2.5796,0.0179,0.0136,0.0315
hiphop.00031.wav,hiphop,1,1.7662,2.5487,2.5331,2.5206,0.0156,0.0125,0.0281
hiphop.00031.wav,hiphop,2,1.7749,2.6734,2.6565,2.6416,0.0169,0.0149,0.0318
hiphop.00032.wav,hiphop,1,1.4028,2.076,2.0578,2.0452,0.0182,0.0126,0.0308
hiphop.00032.wav,hiphop,2,1.4183,2.1923,2.1729,2.1564,0.0194,0.0165,0.0359
hiphop.00033.wav,hiphop,1,1.7149,2.4352,2.4166,2.4039,0.0186,0.0127,0.0313
hiphop.00033.wav,hiphop,2,1.8367,2.7098,2.6886,2.676,0.0212,0.0126,0.0338
hiphop.00034.wav,hiphop,1,1.5121,2.2518,2.2333,2.2205,0.0185,0.0128,0.0313
hiphop.00034.wav,hiphop,2,1.5535,2.4412,2.4188,2.4044,0.0224,0.0144,0.0368
hiphop.00035.wav,hiphop,1,1.9525,2.823,2.8002,2.7846,0.0228,0.0156,0.0384
hiphop.00035.wav,hiphop,2,1.9239,2.6956,2.6726,2.6611,0.023,0.0115,0.0345
hiphop.00036.wav,hiphop,1,1.7025,2.4262,2.4121,2.4034,0.0141,0.0087,0.0228
hiphop.00036.wav,hiphop,2,1.6746,2.3951,2.3806,2.371,0.0145,0.0096,0.0241
hiphop.00037.wav,hiphop,1,1.6437,2.4214,2.3993,2.3874,0.0221,0.0119,0.034
hiphop.00037.wav,hiphop,2,1.4361,2.0562,2.0309,2.0111,0.0253,0.0198,0.0451
hiphop.00038.wav,hiphop,1,1.9161,2.7555,2.7368,2.7241,0.0187,0.0127,0.0314
hiphop.00038.wav,hiphop,2,1.501,2.1137,2.0903,2.0805,0.0234,0.0098,0.0332
hiphop.00039.wav,hiphop,1,1.6178,2.3488,2.3274,2.3147,0.0214,0.0127,0.0341
hiphop.00039.wav,hiphop,2,1.6118,2.2955,2.2761,2.262,0.0194,0.0141,0.0335
hiphop.00040.wav,hiphop,1,1.8201,2.6969,2.6779,2.6631,0.019,0.0148,0.0338
hiphop.00040.wav,hiphop,2,1.6423,2.3677,2.3549,2.3445,0.0128,0.0104,0.0232
hiphop.00041.wav,hiphop,1,1.574,2.2741,2.2503,2.2349,0.0238,0.0154,0.0392
hiphop.00041.wav,hiphop,2,1.9228,2.6907,2.6722,2.6585,0.0185,0.0137,0.0322
hiphop.00042.wav,hiphop,1,1.878,2.7073,2.6882,2.6673,0.0191,0.0209,0.04
hiphop.00042.wav,hiphop,2,1.7756,2.5114,2.4934,2.4817,0.018,0.0117,0.0297
hiphop.00043.wav,hiphop,1,1.5116,2.2259,2.1991,2.1842,0.0268,0.0149,0.0417
hiphop.00043.wav,hiphop,2,1.6609,2.3206,2.2962,2.2817,0.0244,0.0145,0.0389
hiphop.00044.wav,hiphop,1,1.7751,2.5095,2.4971,2.4797,0.0124,0.0174,0.0298
hiphop.00044.wav,hiphop,2,1.9858,2.7202,2.706,2.7,0.0142,0.006,0.0202
hiphop.00046.wav,hiphop,1,1.79,2.5158,2.4993,2.4848,0.0165,0.0145,0.031
hiphop.00046.wav,hiphop,2,1.6725,2.3389,2.3197,2.3074,0.0192,0.0123,0.0315
hiphop.00047.wav,hiphop,1,1.3945,2.0244,2.001,1.9905,0.0234,0.0105,0.0339
hiphop.00047.wav,hiphop,2,1.8169,2.503,2.4816,2.4647,0.0214,0.0169,0.0383
hiphop.00048.wav,hiphop,1,1.6284,2.3986,2.3751,2.3576,0.0235,0.0175,0.041
hiphop.00048.wav,hiphop,2,1.8207,2.6022,2.5752,2.56,0.027,0.0152,0.0422
hiphop.00049.wav,hiphop,1,2.0198,2.8294,2.811,2.7981,0.0184,0.0129,0.0313
hiphop.00049.wav,hiphop,2,1.5847,2.2272,2.2071,2.1959,0.0201,0.0112,0.0313
hiphop.00050.wav,hiphop,1,1.6773,2.4671,2.4386,2.424,0.0285,0.0146,0.0431
hiphop.00050.wav,hiphop,2,1.7632,2.4521,2.4203,2.4085,0.0318,0.0118,0.0436
hiphop.00051.wav,hiphop,1,1.5998,2.2895,2.2732,2.2617,0.0163,0.0115,0.0278
hiphop.00051.wav,hiphop,2,1.8719,2.5684,2.549,2.5382,0.0194,0.0108,0.0302
jazz.00000.wav,jazz,1,1.831,2.6363,2.6194,2.608,0.0169,0.0114,0.0283
jazz.00000.wav,jazz,2,1.8898,2.5798,2.5693,2.5616,0.0105,0.0077,0.0182
jazz.00001.wav,jazz,1,1.8886,2.6702,2.658,2.6489,0.0122,0.0091,0.0213
jazz.00001.wav,jazz,2,1.9093,2.5848,2.5686,2.5594,0.0162,0.0092,0.0254
jazz.00002.wav,jazz,1,1.8738,2.6839,2.6672,2.6556,0.0167,0.0116,0.0283
jazz.00002.wav,jazz,2,1.5556,2.1731,2.1574,2.1471,0.0157,0.0103,0.026
jazz.00003.wav,jazz,1,1.4943,2.2451,2.2295,2.2192,0.0156,0.0103,0.0259
jazz.00003.wav,jazz,2,1.7359,2.3044,2.2943,2.2871,0.0101,0.0072,0.0173
jazz.00004.wav,jazz,1,1.7728,2.557,2.5452,2.5345,0.0118,0.0107,0.0225
jazz.00004.wav,jazz,2,1.926,2.665,2.65,2.6418,0.015,0.0082,0.0232
jazz.00005.wav,jazz,1,1.8719,2.7004,2.6794,2.6678,0.021,0.0116,0.0326
jazz.00005.wav,jazz,2,1.6685,2.4355,2.4159,2.4065,0.0196,0.0094,0.029
jazz.00006.wav,jazz,1,1.4651,2.1585,2.1469,2.1376,0.0116,0.0093,0.0209
jazz.00006.wav,jazz,2,1.5096,2.1049,2.0875,2.0771,0.0174,0.0104,0.0278
jazz.00007.wav,jazz,1,1.6897,2.4121,2.4015,2.3957,0.0106,0.0058,0.0164
jazz.00007.wav,jazz,2,1.7733,2.4915,2.4772,2.4524,0.0143,0.0248,0.0391
jazz.00008.wav,jazz,1,1.5428,2.2029,2.1803,2.1643,0.0226,0.016,0.0386
jazz.00008.wav,jazz,2,1.5232,2.1469,2.1285,2.1238,0.0184,0.0047,0.0231
jazz.00009.wav,jazz,1,1.7035,2.465,2.4479,2.4398,0.0171,0.0081,0.0252
jazz.00009.wav,jazz,2,1.6102,2.2173,2.2,2.1948,0.0173,0.0052,0.0225
jazz.00010.wav,jazz,1,1.7331,2.5276,2.5128,2.5007,0.0148,0.0121,0.0269
jazz.00010.wav,jazz,2,1.7122,2.3648,2.3538,2.3454,0.011,0.0084,0.0194
jazz.00011.wav,jazz,1,1.9735,2.8027,2.791,2.784,0.0117,0.007,0.0187
jazz.00011.wav,jazz,2,1.754,2.5486,2.5318,2.5236,0.0168,0.0082,0.025
jazz.00012.wav,jazz,1,1.4333,2.0924,2.0805,2.0737,0.0119,0.0068,0.0187
jazz.00012.wav,jazz,2,1.9227,2.7217,2.7067,2.6986,0.015,0.0081,0.0231
jazz.00013.wav,jazz,1,1.7591,2.5905,2.5739,2.5603,0.0166,0.0136,0.0302
jazz.00013.wav,jazz,2,1.6582,2.3735,2.3611,2.3525,0.0124,0.0086,0.021
jazz.00014.wav,jazz,1,1.6559,2.3927,2.378,2.3691,0.0147,0.0089,0.0236
jazz.00014.wav,jazz,2,1.5659,2.1707,2.1608,2.1525,0.0099,0.0083,0.0182
jazz.00015.wav,jazz,1,1.5969,2.2944,2.2809,2.2717,0.0135,0.0092,0.0227
jazz.00015.wav,jazz,2,1.8186,2.5194,2.5076,2.4962,0.0118,0.0114,0.0232
jazz.00016.wav,jazz,1,1.747,2.4931,2.48,2.4748,0.0131,0.0052,0.0183
jazz.00016.wav,jazz,2,1.6687,2.3402,2.3287,2.3214,0.0115,0.0073,0.0188
jazz.00017.wav,jazz,1,1.6804,2.5252,2.5134,2.5006,0.0118,0.0128,0.0246
jazz.00017.wav,jazz,2,1.7821,2.6733,2.6628,2.6545,0.0105,0.0083,0.0188
jazz.00018.wav,jazz,1,1.4661,2.2399,2.2239,2.2127,0.016,0.0112,0.0272
jazz.00018.wav,jazz,2,1.5543,2.2741,2.259,2.2577,0.0151,0.0013,0.0164
jazz.00019.wav,jazz,1,1.5987,2.3171,2.3044,2.2932,0.0127,0.0112,0.0239
jazz.00019.wav,jazz,2,1.8013,2.508,2.4967,2.4876,0.0113,0.0091,0.0204
jazz.00020.wav,jazz,1,1.5935,2.2918,2.2778,2.2701,0.014,0.0077,0.0217
jazz.00020.wav,jazz,2,1.5629,2.1481,2.1381,2.1291,0.01,0.009,0.019
jazz.00021.wav,jazz,1,1.6413,2.3657,2.3567,2.3488,0.009,0.0079,0.0169
jazz.00021.wav,jazz,2,1.8681,2.6054,2.5942,2.5836,0.0112,0.0106,0.0218
jazz.00022.wav,jazz,1,1.6341,2.3414,2.3323,2.3243,0.0091,0.008,0.0171
jazz.00022.wav,jazz,2,1.8628,2.5514,2.5402,2.5311,0.0112,0.0091,0.0203
jazz.00023.wav,jazz,1,1.841,2.5998,2.5876,2.5798,0.0122,0.0078,0.02
jazz.00023.wav,jazz,2,1.7478,2.4392,2.4273,2.4201,0.0119,0.0072,0.0191
jazz.00024.wav,jazz,1,1.5935,2.2734,2.2546,2.2454,0.0188,0.0092,0.028
jazz.00024.wav,jazz,2,1.5957,2.242,2.2285,2.2209,0.0135,0.0076,0.0211
jazz.00025.wav,jazz,1,1.8984,2.7223,2.7083,2.6979,0.014,0.0104,0.0244
jazz.00025.wav,jazz,2,1.901,2.7184,2.701,2.6882,0.0174,0.0128,0.0302
jazz.00026.wav,jazz,1,1.6427,2.3859,2.3684,2.3593,0.0175,0.0091,0.0266
jazz.00026.wav,jazz,2,1.8329,2.5552,2.5436,2.5349,0.0116,0.0087,0.0203
jazz.00027.wav,jazz,1,1.8772,2.6892,2.6752,2.665,0.014,0.0102,0.0242
jazz.00027.wav,jazz,2,1.8285,2.536,2.5207,2.511,0.0153,0.0097,0.025
jazz.00028.wav,jazz,1,1.5506,2.294,2.284,2.2756,0.01,0.0084,0.0184
jazz.00028.wav,jazz,2,1.6814,2.341,2.3278,2.3196,0.0132,0.0082,0.0214
jazz.00029.wav,jazz,1,1.7985,2.6073,2.5902,2.5796,0.0171,0.0106,0.0277
jazz.00029.wav,jazz,2,1.6565,2.354,2.3428,2.3326,0.0112,0.0102,0.0214
jazz.00030.wav,jazz,1,1.8719,2.7171,2.7011,2.6936,0.016,0.0075,0.0235
jazz.00030.wav,jazz,2,1.7565,2.4318,2.4133,2.4074,0.0185,0.0059,0.0244
jazz.00031.wav,jazz,1,1.9139,2.7265,2.7153,2.7047,0.0112,0.0106,0.0218
jazz.00031.wav,jazz,2,1.4304,2.0004,1.9876,1.9794,0.0128,0.0082,0.021
jazz.00032.wav,jazz,1,1.8017,2.5636,2.5528,2.5444,0.0108,0.0084,0.0192
jazz.00032.wav,jazz,2,1.52,2.1608,2.1504,2.1418,0.0104,0.0086,0.019
jazz.00033.wav,jazz,1,1.6103,2.3214,2.3102,2.2989,0.0112,0.0113,0.0225
jazz.00033.wav,jazz,2,1.8233,2.5018,2.4911,2.4817,0.0107,0.0094,0.0201
jazz.00034.wav,jazz,1,1.9991,2.8678,2.8545,2.8432,0.0133,0.0113,0.0246
jazz.00034.wav,jazz,2,1.6795,2.3434,2.327,2.3155,0.0164,0.0115,0.0279
jazz.00035.wav,jazz,1,1.7364,2.569,2.557,2.5476,0.012,0.0094,0.0214
jazz.00035.wav,jazz,2,1.6342,2.3283,2.3149,2.3056,0.0134,0.0093,0.0227
jazz.00036.wav,jazz,1,1.8423,2.663,2.6499,2.6404,0.0131,0.0095,0.0226
jazz.00036.wav,jazz,2,1.7385,2.4538,2.4356,2.4267,0.0182,0.0089,0.0271
jazz.00037.wav,jazz,1,2.0363,2.941,2.924,2.9121,0.017,0.0119,0.0289
jazz.00037.wav,jazz,2,1.8124,2.4788,2.4661,2.4575,0.0127,0.0086,0.0213
jazz.00038.wav,jazz,1,1.7404,2.5555,2.5425,2.5337,0.013,0.0088,0.0218
jazz.00038.wav,jazz,2,1.6185,2.2839,2.2707,2.2614,0.0132,0.0093,0.0225
jazz.00039.wav,jazz,1,1.6942,2.4898,2.4737,2.4629,0.0161,0.0108,0.0269
jazz.00039.wav,jazz,2,1.7364,2.44,2.4231,2.4171,0.0169,0.006,0.0229
jazz.00040.wav,jazz,1,1.7121,2.5129,2.4951,2.4861,0.0178,0.009,0.0268
jazz.00040.wav,jazz,2,1.7117,2.3677,2.3568,2.3499,0.0109,0.0069,0.0178
jazz.00041.wav,jazz,1,1.7758,2.5486,2.5327,2.5253,0.0159,0.0074,0.0233
jazz.00041.wav,jazz,2,1.9731,2.6892,2.6776,2.6684,0.0116,0.0092,0.0208
jazz.00042.wav,jazz,1,1.3916,2.0321,2.0213,2.0139,0.0108,0.0074,0.0182
jazz.00042.wav,jazz,2,1.7849,2.4416,2.431,2.4231,0.0106,0.0079,0.0185
jazz.00043.wav,jazz,1,1.635,2.3692,2.3555,2.3473,0.0137,0.0082,0.0219
jazz.00043.wav,jazz,2,2.0759,2.8846,2.8642,2.8552,0.0204,0.009,0.0294
jazz.00044.wav,jazz,1,1.6441,2.4152,2.4055,2.3981,0.0097,0.0074,0.0171
jazz.00044.wav,jazz,2,2.0723,2.839,2.827,2.8193,0.012,0.0077,0.0197
jazz.00045.wav,jazz,1,1.9473,2.8162,2.7963,2.7847,0.0199,0.0116,0.0315
jazz.00045.wav,jazz,2,1.5519,2.2384,2.2227,2.2112,0.0157,0.0115,0.0272
jazz.00046.wav,jazz,1,1.7963,2.5889,2.5776,2.5695,0.0113,0.0081,0.0194
jazz.00046.wav,jazz,2,1.7113,2.3612,2.3512,2.3437,0.01,0.0075,0.0175
jazz.00047.wav,jazz,1,1.555,2.3319,2.3192,2.3088,0.0127,0.0104,0.0231
jazz.00047.wav,jazz,2,1.5407,2.1745,2.1623,2.1541,0.0122,0.0082,0.0204
jazz.00048.wav,jazz,1,1.7963,2.587,2.5701,2.5573,0.0169,0.0128,0.0297
jazz.00048.wav,jazz,2,1.6479,2.2572,2.249,2.2408,0.0082,0.0082,0.0164
jazz.00049.wav,jazz,1,1.7835,2.5798,2.5684,2.5594,0.0114,0.009,0.0204
jazz.00049.wav,jazz,2,1.4296,2.0467,2.0327,2.025,0.014,0.0077,0.0217
jazz.00050.wav,jazz,1,1.5722,2.3045,2.2885,2.2771,0.016,0.0114,0.0274
jazz.00050.wav,jazz,2,1.6221,2.287,2.2704,2.262,0.0166,0.0084,0.025
metal.00000.wav,metal,1,1.6333,2.3717,2.3582,2.3516,0.0135,0.0066,0.0201
metal.00000.wav,metal,2,1.6125,2.2034,2.1927,2.1839,0.0107,0.0088,0.0195
metal.00001.wav,metal,1,1.6168,2.4192,2.4033,2.3909,0.0159,0.0124,0.0283
metal.00001.wav,metal,2,1.5391,2.1818,2.1662,2.1557,0.0156,0.0105,0.0261
metal.00002.wav,metal,1,1.6807,2.4809,2.4696,2.459,0.0113,0.0106,0.0219
metal.00002.wav,metal,2,1.756,2.4471,2.4363,2.427,0.0108,0.0093,0.0201
metal.00003.wav,metal,1,1.7203,2.5326,2.517,2.5037,0.0156,0.0133,0.0289
metal.00003.wav,metal,2,1.7347,2.4357,2.4216,2.4107,0.0141,0.0109,0.025
metal.00004.wav,metal,1,1.8141,2.6411,2.6263,2.6154,0.0148,0.0109,0.0257
metal.00004.wav,metal,2,1.5521,2.1988,2.187,2.1759,0.0118,0.0111,0.0229
metal.00005.wav,metal,1,1.4289,2.1113,2.0983,2.0898,0.013,0.0085,0.0215
metal.00005.wav,metal,2,1.5266,2.1857,2.1679,2.1551,0.0178,0.0128,0.0306
metal.00006.wav,metal,1,1.5307,2.2685,2.2539,2.246,0.0146,0.0079,0.0225
metal.00006.wav,metal,2,1.6228,2.2663,2.2523,2.2429,0.014,0.0094,0.0234
metal.00007.wav,metal,1,1.3647,2.0722,2.0578,2.046,0.0144,0.0118,0.0262
metal.00007.wav,metal,2,1.7275,2.4541,2.4397,2.4287,0.0144,0.011,0.0254
metal.00008.wav,metal,1,1.692,2.4687,2.457,2.4441,0.0117,0.0129,0.0246
metal.00008.wav,metal,2,1.4674,2.094,2.0771,2.0654,0.0169,0.0117,0.0286
metal.00009.wav,metal,1,1.4559,2.2024,2.1828,2.1699,0.0196,0.0129,0.0325
metal.00009.wav,metal,2,1.7033,2.3404,2.3214,2.3092,0.019,0.0122,0.0312
metal.00010.wav,metal,1,1.359,2.0219,2.0072,1.998,0.0147,0.0092,0.0239
metal.00010.wav,metal,2,1.7591,2.5829,2.5686,2.5597,0.0143,0.0089,0.0232
metal.00011.wav,metal,1,1.5567,2.2988,2.2822,2.2683,0.0166,0.0139,0.0305
metal.00011.wav,metal,2,1.7239,2.3902,2.3711,2.3585,0.0191,0.0126,0.0317
metal.00012.wav,metal,1,1.8544,2.6506,2.6361,2.6251,0.0145,0.011,0.0255
metal.00012.wav,metal,2,1.3829,1.9198,1.9056,1.8975,0.0142,0.0081,0.0223
metal.00013.wav,metal,1,1.6553,2.391,2.3747,2.3655,0.0163,0.0092,0.0255
metal.00013.wav,metal,2,1.8223,2.444,2.4294,2.4201,0.0146,0.0093,0.0239
metal.00014.wav,metal,1,1.7365,2.5179,2.5,2.4907,0.0179,0.0093,0.0272
metal.00014.wav,metal,2,1.8334,2.5336,2.5171,2.5081,0.0165,0.009,0.0255
metal.00015.wav,metal,1,1.558,2.389,2.3671,2.3569,0.0219,0.0102,0.0321
metal.00015.wav,metal,2,1.7224,2.4708,2.456,2.4451,0.0148,0.0109,0.0257
metal.00016.wav,metal,1,1.4503,2.1529,2.137,2.1257,0.0159,0.0113,0.0272
metal.00016.wav,metal,2,1.6336,2.2603,2.2456,2.2342,0.0147,0.0114,0.0261
metal.00017.wav,metal,1,1.8034,2.6151,2.6029,2.5984,0.0122,0.0045,0.0167
metal.00017.wav,metal,2,1.6695,2.3518,2.3396,2.3344,0.0122,0.0052,0.0174
metal.00018.wav,metal,1,1.7914,2.56,2.547,2.537,0.013,0.01,0.023
metal.00018.wav,metal,2,1.8794,2.6312,2.6107,2.6025,0.0205,0.0082,0.0287
metal.00019.wav,metal,1,1.7079,2.4289,2.4135,2.4028,0.0154,0.0107,0.0261
metal.00019.wav,metal,2,1.6765,2.259,2.2485,2.2399,0.0105,0.0086,0.0191
metal.00020.wav,metal,1,1.7862,2.6295,2.6133,2.6027,0.0162,0.0106,0.0268
metal.00020.wav,metal,2,1.747,2.4528,2.4395,2.431,0.0133,0.0085,0.0218
metal.00021.wav,metal,1,1.5307,2.2895,2.2651,2.2527,0.0244,0.0124,0.0368
metal.00021.wav,metal,2,1.6903,2.3434,2.3316,2.3245,0.0118,0.0071,0.0189
metal.00022.wav,metal,1,1.8539,2.6578,2.6401,2.6274,0.0177,0.0127,0.0304
metal.00022.wav,metal,2,2.0537,2.7609,2.7473,2.7364,0.0136,0.0109,0.0245
metal.00023.wav,metal,1,1.5079,2.2186,2.1961,2.1836,0.0225,0.0125,0.035
metal.00023.wav,metal,2,1.8669,2.4974,2.4816,2.4719,0.0158,0.0097,0.0255
metal.00024.wav,metal,1,1.5259,2.2706,2.2532,2.2405,0.0174,0.0127,0.0301
metal.00024.wav,metal,2,1.7514,2.4131,2.3991,2.3865,0.014,0.0126,0.0266
metal.00025.wav,metal,1,1.2869,2.1264,2.1104,2.0969,0.016,0.0135,0.0295
metal.00025.wav,metal,2,1.6886,2.5946,2.5763,2.5612,0.0183,0.0151,0.0334
metal.00026.wav,metal,1,1.7153,2.5576,2.5415,2.531,0.0161,0.0105,0.0266
metal.00026.wav,metal,2,1.7331,2.4568,2.4429,2.4316,0.0139,0.0113,0.0252
metal.00027.wav,metal,1,1.6297,2.4483,2.4313,2.4179,0.017,0.0134,0.0304
metal.00027.wav,metal,2,1.6305,2.2657,2.2512,2.2397,0.0145,0.0115,0.026
metal.00028.wav,metal,1,1.4537,2.1546,2.1423,2.1328,0.0123,0.0095,0.0218
metal.00028.wav,metal,2,1.8924,2.6309,2.6176,2.606,0.0133,0.0116,0.0249
metal.00029.wav,metal,1,1.3945,2.1597,2.1493,2.1388,0.0104,0.0105,0.0209
metal.00029.wav,metal,2,1.9089,2.7067,2.6817,2.6707,0.025,0.011,0.036
metal.00030.wav,metal,1,1.4445,2.1724,2.1536,2.1438,0.0188,0.0098,0.0286
metal.00030.wav,metal,2,1.4491,2.271,2.251,2.2321,0.02,0.0189,0.0389
metal.00031.wav,metal,1,1.38,2.0721,2.0598,2.0506,0.0123,0.0092,0.0215
metal.00031.wav,metal,2,1.6499,2.4797,2.4658,2.4562,0.0139,0.0096,0.0235
metal.00032.wav,metal,1,1.6706,2.4253,2.41,2.4005,0.0153,0.0095,0.0248
metal.00032.wav,metal,2,1.4304,2.1861,2.1754,2.1615,0.0107,0.0139,0.0246
metal.00033.wav,metal,1,1.7983,2.5364,2.5154,2.5031,0.021,0.0123,0.0333
metal.00033.wav,metal,2,1.7691,2.5882,2.5684,2.5546,0.0198,0.0138,0.0336
metal.00034.wav,metal,1,1.833,2.6758,2.6634,2.6525,0.0124,0.0109,0.0233
metal.00034.wav,metal,2,1.5675,2.3901,2.3703,2.361,0.0198,0.0093,0.0291
metal.00035.wav,metal,1,1.3927,2.0904,2.0731,2.0601,0.0173,0.013,0.0303
metal.00035.wav,metal,2,1.5237,2.2518,2.2332,2.2209,0.0186,0.0123,0.0309
metal.00036.wav,metal,1,1.6255,2.4202,2.4061,2.3971,0.0141,0.009,0.0231
metal.00036.wav,metal,2,1.6722,2.5497,2.5375,2.529,0.0122,0.0085,0.0207
metal.00037.wav,metal,1,1.6769,2.4702,2.458,2.4459,0.0122,0.0121,0.0243
metal.00037.wav,metal,2,1.3242,2.0105,2.0014,1.9925,0.0091,0.0089,0.018
metal.00038.wav,metal,1,1.4629,2.1443,2.1291,2.1213,0.0152,0.0078,0.023
metal.00038.wav,metal,2,1.7625,2.5742,2.5599,2.5494,0.0143,0.0105,0.0248
metal.00039.wav,metal,1,1.715,2.5451,2.5304,2.5197,0.0147,0.0107,0.0254
metal.00039.wav,metal,2,1.7234,2.5868,2.57,2.5563,0.0168,0.0137,0.0305
metal.00040.wav,metal,1,1.7654,2.5397,2.5276,2.52,0.0121,0.0076,0.0197
metal.00040.wav,metal,2,1.6957,2.5647,2.5511,2.5427,0.0136,0.0084,0.022
metal.00041.wav,metal,1,1.817,2.615,2.6046,2.5974,0.0104,0.0072,0.0176
metal.00041.wav,metal,2,1.7694,2.6071,2.5932,2.5846,0.0139,0.0086,0.0225
metal.00042.wav,metal,1,1.6354,2.4666,2.4537,2.4429,0.0129,0.0108,0.0237
metal.00042.wav,metal,2,1.8512,2.8125,2.7937,2.7816,0.0188,0.0121,0.0309
metal.00043.wav,metal,1,1.5804,2.3171,2.3017,2.2945,0.0154,0.0072,0.0226
metal.00043.wav,metal,2,1.724,2.5616,2.5465,2.539,0.0151,0.0075,0.0226
metal.00044.wav,metal,1,1.7269,2.5194,2.5064,2.4985,0.013,0.0079,0.0209
metal.00044.wav,metal,2,1.4024,2.2134,2.2,2.191,0.0134,0.009,0.0224
metal.00045.wav,metal,1,1.6849,2.5227,2.504,2.4945,0.0187,0.0095,0.0282
metal.00045.wav,metal,2,1.6973,2.5647,2.5529,2.5448,0.0118,0.0081,0.0199
metal.00046.wav,metal,1,1.9331,2.7563,2.7367,2.7254,0.0196,0.0113,0.0309
metal.00046.wav,metal,2,1.5004,2.2717,2.2571,2.2467,0.0146,0.0104,0.025
metal.00047.wav,metal,1,1.4533,2.2268,2.2094,2.1982,0.0174,0.0112,0.0286
metal.00047.wav,metal,2,1.7589,2.6231,2.6088,2.5979,0.0143,0.0109,0.0252
metal.00048.wav,metal,1,1.7375,2.5468,2.5359,2.5229,0.0109,0.013,0.0239
metal.00048.wav,metal,2,1.5431,2.3521,2.3362,2.3251,0.0159,0.0111,0.027
metal.00049.wav,metal,1,1.7367,2.6009,2.5825,2.5697,0.0184,0.0128,0.0312
metal.00049.wav,metal,2,1.6869,2.6074,2.5898,2.5762,0.0176,0.0136,0.0312
metal.00050.wav,metal,1,1.7699,2.5506,2.5341,2.5221,0.0165,0.012,0.0285
metal.00050.wav,metal,2,1.616,2.4182,2.4004,2.3896,0.0178,0.0108,0.0286
pop.00000.wav,pop,1,1.8094,2.6454,2.6264,2.6163,0.019,0.0101,0.0291
pop.00000.wav,pop,2,1.7506,2.535,2.52,2.5099,0.015,0.0101,0.0251
pop.00001.wav,pop,1,1.3531,2.0164,1.9955,1.9844,0.0209,0.0111,0.032
pop.00001.wav,pop,2,1.822,2.681,2.6629,2.6484,0.0181,0.0145,0.0326
pop.00002.wav,pop,1,1.578,2.3142,2.292,2.2813,0.0222,0.0107,0.0329
pop.00002.wav,pop,2,1.6661,2.5035,2.4861,2.475,0.0174,0.0111,0.0285
pop.00003.wav,pop,1,2.0619,2.8751,2.8613,2.848,0.0138,0.0133,0.0271
pop.00003.wav,pop,2,1.5444,2.3003,2.289,2.2801,0.0113,0.0089,0.0202
pop.00004.wav,pop,1,1.8422,2.668,2.6537,2.6442,0.0143,0.0095,0.0238
pop.00004.wav,pop,2,1.546,2.301,2.2886,2.2784,0.0124,0.0102,0.0226
pop.00005.wav,pop,1,1.6982,2.5288,2.5145,2.5008,0.0143,0.0137,0.028
pop.00005.wav,pop,2,1.5112,2.3005,2.2875,2.2809,0.013,0.0066,0.0196
pop.00006.wav,pop,1,1.6267,2.4143,2.4022,2.3911,0.0121,0.0111,0.0232
pop.00006.wav,pop,2,1.4985,2.2852,2.2719,2.2618,0.0133,0.0101,0.0234
pop.00007.wav,pop,1,1.695,2.4525,2.4421,2.4343,0.0104,0.0078,0.0182
pop.00007.wav,pop,2,1.7446,2.6103,2.5997,2.5918,0.0106,0.0079,0.0185
pop.00008.wav,pop,1,1.9233,2.7838,2.767,2.7547,0.0168,0.0123,0.0291
pop.00008.wav,pop,2,1.552,2.3023,2.2891,2.2806,0.0132,0.0085,0.0217
pop.00009.wav,pop,1,1.6902,2.5012,2.4867,2.4762,0.0145,0.0105,0.025
pop.00009.wav,pop,2,1.7501,2.6515,2.6369,2.6255,0.0146,0.0114,0.026
pop.00010.wav,pop,1,1.8652,2.7302,2.7125,2.6991,0.0177,0.0134,0.0311
pop.00010.wav,pop,2,1.5852,2.4637,2.4419,2.4275,0.0218,0.0144,0.0362
pop.00011.wav,pop,1,1.9473,2.8353,2.8234,2.81,0.0119,0.0134,0.0253
pop.00011.wav,pop,2,1.5586,2.388,2.3775,2.3668,0.0105,0.0107,0.0212
pop.00012.wav,pop,1,1.7375,2.5227,2.5082,2.5003,0.0145,0.0079,0.0224
pop.00012.wav,pop,2,1.2608,2.0409,2.0243,2.0143,0.0166,0.01,0.0266
pop.00013.wav,pop,1,1.5813,2.3188,2.3044,2.2918,0.0144,0.0126,0.027
pop.00013.wav,pop,2,1.74,2.5813,2.5634,2.552,0.0179,0.0114,0.0293
pop.00014.wav,pop,1,1.6011,2.2869,2.2763,2.2644,0.0106,0.0119,0.0225
pop.00014.wav,pop,2,1.5177,2.3058,2.2937,2.2804,0.0121,0.0133,0.0254
pop.00015.wav,pop,1,1.8802,2.7133,2.6959,2.6861,0.0174,0.0098,0.0272
pop.00015.wav,pop,2,1.7721,2.6013,2.5885,2.5801,0.0128,0.0084,0.0212
pop.00016.wav,pop,1,1.4795,2.2269,2.2083,2.1933,0.0186,0.015,0.0336
pop.00016.wav,pop,2,1.5014,2.25,2.2339,2.2243,0.0161,0.0096,0.0257
pop.00017.wav,pop,1,1.4027,2.1409,2.1259,2.1145,0.015,0.0114,0.0264
pop.00017.wav,pop,2,1.7746,2.7042,2.6898,2.6783,0.0144,0.0115,0.0259
pop.00018.wav,pop,1,1.8125,2.6349,2.6184,2.6049,0.0165,0.0135,0.03
pop.00018.wav,pop,2,1.8008,2.6517,2.6341,2.6252,0.0176,0.0089,0.0265
pop.00019.wav,pop,1,1.9705,2.906,2.8899,2.8776,0.0161,0.0123,0.0284
pop.00019.wav,pop,2,1.5105,2.4493,2.4296,2.4165,0.0197,0.0131,0.0328
pop.00020.wav,pop,1,1.397,2.1492,2.1293,2.1194,0.0199,0.0099,0.0298
pop.00020.wav,pop,2,1.6159,2.4893,2.4689,2.4588,0.0204,0.0101,0.0305
pop.00021.wav,pop,1,1.6719,2.4471,2.4276,2.4169,0.0195,0.0107,0.0302
pop.00021.wav,pop,2,1.7797,2.7192,2.6968,2.6828,0.0224,0.014,0.0364
pop.00023.wav,pop,1,1.5671,2.2976,2.2731,2.2607,0.0245,0.0124,0.0369
pop.00023.wav,pop,2,1.4596,2.2431,2.2249,2.2092,0.0182,0.0157,0.0339
pop.00024.wav,pop,1,1.6262,2.4785,2.4595,2.4493,0.019,0.0102,0.0292
pop.00024.wav,pop,2,1.4752,2.4263,2.4069,2.3899,0.0194,0.017,0.0364
pop.00025.wav,pop,1,1.5781,2.3541,2.3312,2.3169,0.0229,0.0143,0.0372
pop.00025.wav,pop,2,1.478,2.3811,2.3533,2.3395,0.0278,0.0138,0.0416
pop.00026.wav,pop,1,1.7051,2.4514,2.4363,2.4257,0.0151,0.0106,0.0257
pop.00026.wav,pop,2,1.5634,2.328,2.3121,2.3013,0.0159,0.0108,0.0267
pop.00027.wav,pop,1,2.0336,2.8567,2.8407,2.8292,0.016,0.0115,0.0275
pop.00027.wav,pop,2,1.6625,2.4762,2.4652,2.4572,0.011,0.008,0.019
pop.00028.wav,pop,1,2.2428,3.1295,3.1144,3.0999,0.0151,0.0145,0.0296
pop.00028.wav,pop,2,1.7518,2.6034,2.5855,2.5741,0.0179,0.0114,0.0293
pop.00029.wav,pop,1,2.1452,3.0224,3.0004,2.9892,0.022,0.0112,0.0332
pop.00029.wav,pop,2,1.8381,2.6512,2.6301,2.6198,0.0211,0.0103,0.0314
pop.00030.wav,pop,1,2.1471,2.951,2.9396,2.9285,0.0114,0.0111,0.0225
pop.00030.wav,pop,2,1.9747,2.8522,2.8391,2.8258,0.0131,0.0133,0.0264
pop.00032.wav,pop,1,1.6486,2.3885,2.3715,2.363,0.017,0.0085,0.0255
pop.00032.wav,pop,2,1.7334,2.5574,2.5448,2.5366,0.0126,0.0082,0.0208
pop.00033.wav,pop,1,1.7683,2.5422,2.5304,2.5201,0.0118,0.0103,0.0221
pop.00033.wav,pop,2,1.8522,2.6968,2.6842,2.6739,0.0126,0.0103,0.0229
pop.00034.wav,pop,1,1.773,2.5452,2.536,2.5252,0.0092,0.0108,0.02
pop.00034.wav,pop,2,1.8349,2.6601,2.638,2.6286,0.0221,0.0094,0.0315
pop.00035.wav,pop,1,2.1998,3.0694,3.0491,3.032,0.0203,0.0171,0.0374
pop.00035.wav,pop,2,1.7358,2.5372,2.5154,2.5046,0.0218,0.0108,0.0326
pop.00036.wav,pop,1,1.5895,2.3087,2.2843,2.2739,0.0244,0.0104,0.0348
pop.00036.wav,pop,2,1.6815,2.4235,2.3995,2.3903,0.024,0.0092,0.0332
pop.00037.wav,pop,1,1.8635,2.6406,2.6168,2.6036,0.0238,0.0132,0.037
pop.00037.wav,pop,2,2.1194,3.0455,3.0215,3.01,0.024,0.0115,0.0355
pop.00038.wav,pop,1,1.6932,2.456,2.4389,2.4237,0.0171,0.0152,0.0323
pop.00038.wav,pop,2,1.7769,2.6515,2.6317,2.621,0.0198,0.0107,0.0305
pop.00039.wav,pop,1,1.81,2.5488,2.5327,2.5239,0.0161,0.0088,0.0249
pop.00039.wav,pop,2,1.9802,2.8609,2.8369,2.8183,0.024,0.0186,0.0426
pop.00040.wav,pop,1,1.9232,2.7781,2.7572,2.7402,0.0209,0.017,0.0379
pop.00040.wav,pop,2,1.6981,2.5245,2.5099,2.4991,0.0146,0.0108,0.0254
pop.00041.wav,pop,1,1.48,2.2001,2.185,2.1739,0.0151,0.0111,0.0262
pop.00041.wav,pop,2,1.65,2.4577,2.4444,2.4336,0.0133,0.0108,0.0241
pop.00042.wav,pop,1,1.6837,2.49,2.4601,2.4449,0.0299,0.0152,0.0451
pop.00042.wav,pop,2,1.9593,2.8591,2.8357,2.8209,0.0234,0.0148,0.0382
pop.00043.wav,pop,1,1.7788,2.6515,2.6287,2.6138,0.0228,0.0149,0.0377
pop.00043.wav,pop,2,1.6587,2.4861,2.4592,2.4427,0.0269,0.0165,0.0434
pop.00044.wav,pop,1,1.5704,2.2803,2.2582,2.2454,0.0221,0.0128,0.0349
pop.00044.wav,pop,2,1.6864,2.4632,2.4411,2.4289,0.0221,0.0122,0.0343
pop.00045.wav,pop,1,1.6045,2.3735,2.3554,2.3411,0.0181,0.0143,0.0324
pop.00045.wav,pop,2,1.5953,2.3953,2.375,2.3588,0.0203,0.0162,0.0365
pop.00047.wav,pop,1,1.9514,2.8341,2.8125,2.8003,0.0216,0.0122,0.0338
pop.00047.wav,pop,2,1.6097,2.4367,2.4176,2.401,0.0191,0.0166,0.0357
pop.00048.wav,pop,1,1.601,2.3787,2.3616,2.3468,0.0171,0.0148,0.0319
pop.00048.wav,pop,2,1.8042,2.6535,2.6387,2.6285,0.0148,0.0102,0.025
pop.00049.wav,pop,1,2.1089,3.0459,3.0281,3.0062,0.0178,0.0219,0.0397
pop.00049.wav,pop,2,1.7111,2.5255,2.5138,2.5024,0.0117,0.0114,0.0231
pop.00050.wav,pop,1,2.0767,2.9237,2.9042,2.8943,0.0195,0.0099,0.0294
pop.00050.wav,pop,2,1.9626,2.8663,2.8443,2.8304,0.022,0.0139,0.0359
pop.00051.wav,pop,1,1.6889,2.4936,2.4754,2.4646,0.0182,0.0108,0.029
pop.00051.wav,pop,2,2.036,3.002,2.9794,2.965,0.0226,0.0144,0.037
pop.00052.wav,pop,1,1.4848,2.2135,2.1895,2.1752,0.024,0.0143,0.0383
pop.00052.wav,pop,2,1.9128,2.7944,2.7628,2.7484,0.0316,0.0144,0.046
pop.00053.wav,pop,1,1.9022,2.7934,2.7745,2.7629,0.0189,0.0116,0.0305
pop.00053.wav,pop,2,1.7126,2.5493,2.537,2.5277,0.0123,0.0093,0.0216
reggae.00000.wav,reggae,1,1.8693,2.7038,2.6845,2.6685,0.0193,0.016,0.0353
reggae.00000.wav,reggae,2,1.561,2.3876,2.3761,2.3667,0.0115,0.0094,0.0209
reggae.00001.wav,reggae,1,1.6744,2.5108,2.4977,2.4877,0.0131,0.01,0.0231
reggae.00001.wav,reggae,2,1.3888,2.14,2.125,2.1157,0.015,0.0093,0.0243
reggae.00002.wav,reggae,1,1.4202,2.1358,2.1221,2.1126,0.0137,0.0095,0.0232
reggae.00002.wav,reggae,2,1.8484,2.7481,2.7299,2.7207,0.0182,0.0092,0.0274
reggae.00003.wav,reggae,1,1.8792,2.6867,2.6725,2.6597,0.0142,0.0128,0.027
reggae.00003.wav,reggae,2,1.5812,2.4151,2.4016,2.3922,0.0135,0.0094,0.0229
reggae.00004.wav,reggae,1,1.7701,2.5304,2.5179,2.5092,0.0125,0.0087,0.0212
reggae.00004.wav,reggae,2,1.6727,2.4953,2.4815,2.4707,0.0138,0.0108,0.0246
reggae.00005.wav,reggae,1,1.8017,2.5645,2.5523,2.5419,0.0122,0.0104,0.0226
reggae.00005.wav,reggae,2,1.6575,2.4582,2.44,2.4305,0.0182,0.0095,0.0277
reggae.00006.wav,reggae,1,1.5472,2.2998,2.2866,2.278,0.0132,0.0086,0.0218
reggae.00006.wav,reggae,2,1.7769,2.6644,2.6528,2.6425,0.0116,0.0103,0.0219
reggae.00007.wav,reggae,1,1.955,2.8219,2.8029,2.7937,0.019,0.0092,0.0282
reggae.00007.wav,reggae,2,1.832,2.6568,2.6446,2.6356,0.0122,0.009,0.0212
reggae.00008.wav,reggae,1,2.1662,3.0737,3.0625,3.0511,0.0112,0.0114,0.0226
reggae.00008.wav,reggae,2,1.7654,2.5765,2.562,2.5533,0.0145,0.0087,0.0232
reggae.00009.wav,reggae,1,1.6712,2.4587,2.4372,2.4263,0.0215,0.0109,0.0324
reggae.00009.wav,reggae,2,1.9897,2.971,2.9581,2.9507,0.0129,0.0074,0.0203
reggae.00010.wav,reggae,1,1.9321,2.8236,2.8101,2.7981,0.0135,0.012,0.0255
reggae.00010.wav,reggae,2,1.5197,2.3285,2.3113,2.3025,0.0172,0.0088,0.026
reggae.00011.wav,reggae,1,2.0324,2.8949,2.8817,2.8731,0.0132,0.0086,0.0218
reggae.00011.wav,reggae,2,1.606,2.459,2.446,2.4348,0.013,0.0112,0.0242
reggae.00012.wav,reggae,1,1.6576,2.3777,2.3665,2.3569,0.0112,0.0096,0.0208
reggae.00012.wav,reggae,2,1.8854,2.7793,2.7614,2.7502,0.0179,0.0112,0.0291
reggae.00013.wav,reggae,1,1.7356,2.605,2.5832,2.5723,0.0218,0.0109,0.0327
reggae.00013.wav,reggae,2,1.74,2.5595,2.5472,2.5386,0.0123,0.0086,0.0209
reggae.00014.wav,reggae,1,1.7929,2.6331,2.6129,2.6017,0.0202,0.0112,0.0314
reggae.00014.wav,reggae,2,1.6246,2.4888,2.4785,2.4662,0.0103,0.0123,0.0226
reggae.00015.wav,reggae,1,1.7382,2.5439,2.5293,2.516,0.0146,0.0133,0.0279
reggae.00015.wav,reggae,2,1.455,2.2577,2.2327,2.2094,0.025,0.0233,0.0483
reggae.00016.wav,reggae,1,1.8391,2.6055,2.5922,2.5806,0.0133,0.0116,0.0249
reggae.00016.wav,reggae,2,1.7852,2.6261,2.6125,2.6039,0.0136,0.0086,0.0222
reggae.00017.wav,reggae,1,2.0844,2.9411,2.9269,2.9152,0.0142,0.0117,0.0259
reggae.00017.wav,reggae,2,1.8507,2.7094,2.6937,2.6842,0.0157,0.0095,0.0252
reggae.00018.wav,reggae,1,1.5996,2.4134,2.3968,2.3788,0.0166,0.018,0.0346
reggae.00018.wav,reggae,2,1.6089,2.4236,2.4091,2.4001,0.0145,0.009,0.0235
reggae.00019.wav,reggae,1,1.8569,2.7341,2.7102,2.7004,0.0239,0.0098,0.0337
reggae.00019.wav,reggae,2,1.6317,2.5495,2.5291,2.5168,0.0204,0.0123,0.0327
reggae.00020.wav,reggae,1,1.528,2.3601,2.3356,2.3241,0.0245,0.0115,0.036
reggae.00020.wav,reggae,2,1.9256,2.8809,2.8664,2.8555,0.0145,0.0109,0.0254
reggae.00021.wav,reggae,1,1.9714,2.8703,2.856,2.8439,0.0143,0.0121,0.0264
reggae.00021.wav,reggae,2,1.5805,2.4163,2.4012,2.3909,0.0151,0.0103,0.0254
reggae.00022.wav,reggae,1,1.4392,2.2525,2.2309,2.2203,0.0216,0.0106,0.0322
reggae.00022.wav,reggae,2,1.8366,2.7391,2.7178,2.706,0.0213,0.0118,0.0331
reggae.00023.wav,reggae,1,1.6042,2.4112,2.3912,2.3837,0.02,0.0075,0.0275
reggae.00023.wav,reggae,2,1.5276,2.341,2.3271,2.3169,0.0139,0.0102,0.0241
reggae.00024.wav,reggae,1,1.6416,2.3398,2.3279,2.3162,0.0119,0.0117,0.0236
reggae.00024.wav,reggae,2,1.5343,2.3371,2.3218,2.3117,0.0153,0.0101,0.0254
reggae.00025.wav,reggae,1,1.6065,2.4789,2.4554,2.4422,0.0235,0.0132,0.0367
reggae.00025.wav,reggae,2,1.6635,2.489,2.4748,2.4655,0.0142,0.0093,0.0235
reggae.00026.wav,reggae,1,1.7255,2.5626,2.5397,2.5313,0.0229,0.0084,0.0313
reggae.00026.wav,reggae,2,1.8167,2.7738,2.757,2.744,0.0168,0.013,0.0298
reggae.00027.wav,reggae,1,1.6968,2.5706,2.5388,2.5208,0.0318,0.018,0.0498
reggae.00027.wav,reggae,2,1.5027,2.3567,2.3245,2.303,0.0322,0.0215,0.0537
reggae.00028.wav,reggae,1,1.4539,2.2377,2.2135,2.2019,0.0242,0.0116,0.0358
reggae.00028.wav,reggae,2,1.2698,2.0527,2.0239,2.0153,0.0288,0.0086,0.0374
reggae.00029.wav,reggae,1,1.8906,2.7519,2.7371,2.7253,0.0148,0.0118,0.0266
reggae.00029.wav,reggae,2,1.7265,2.5935,2.5762,2.5656,0.0173,0.0106,0.0279
reggae.00030.wav,reggae,1,1.8426,2.5544,2.5422,2.5327,0.0122,0.0095,0.0217
reggae.00030.wav,reggae,2,1.8729,2.7525,2.7345,2.7249,0.018,0.0096,0.0276
reggae.00031.wav,reggae,1,1.9988,2.8311,2.8163,2.8084,0.0148,0.0079,0.0227
reggae.00031.wav,reggae,2,1.9905,2.8802,2.8593,2.842,0.0209,0.0173,0.0382
reggae.00032.wav,reggae,1,1.8666,2.6967,2.6823,2.6666,0.0144,0.0157,0.0301
reggae.00032.wav,reggae,2,1.8547,2.7422,2.7304,2.7186,0.0118,0.0118,0.0236
reggae.00033.wav,reggae,1,1.7811,2.531,2.5156,2.5053,0.0154,0.0103,0.0257
reggae.00033.wav,reggae,2,1.8733,2.6935,2.68,2.6715,0.0135,0.0085,0.022
reggae.00034.wav,reggae,1,2.055,2.9542,2.9248,2.9139,0.0294,0.0109,0.0403
reggae.00034.wav,reggae,2,1.6049,2.4101,2.3922,2.3833,0.0179,0.0089,0.0268
reggae.00035.wav,reggae,1,2.2028,3.1292,3.1145,3.1038,0.0147,0.0107,0.0254
reggae.00035.wav,reggae,2,1.8853,2.7535,2.736,2.7248,0.0175,0.0112,0.0287
reggae.00036.wav,reggae,1,1.729,2.4422,2.4259,2.416,0.0163,0.0099,0.0262
reggae.00036.wav,reggae,2,1.927,2.8327,2.8181,2.8073,0.0146,0.0108,0.0254
reggae.00037.wav,reggae,1,1.9236,2.7875,2.7658,2.7545,0.0217,0.0113,0.033
reggae.00037.wav,reggae,2,1.9574,2.9028,2.8878,2.8776,0.015,0.0102,0.0252
reggae.00038.wav,reggae,1,1.851,2.6278,2.6167,2.6066,0.0111,0.0101,0.0212
reggae.00038.wav,reggae,2,1.6686,2.4398,2.4275,2.4185,0.0123,0.009,0.0213
reggae.00039.wav,reggae,1,2.0388,2.8121,2.7992,2.7896,0.0129,0.0096,0.0225
reggae.00039.wav,reggae,2,1.9771,2.8811,2.8683,2.8563,0.0128,0.012,0.0248
reggae.00040.wav,reggae,1,1.5304,2.3791,2.357,2.3455,0.0221,0.0115,0.0336
reggae.00040.wav,reggae,2,1.5899,2.4589,2.4442,2.4301,0.0147,0.0141,0.0288
reggae.00041.wav,reggae,1,1.7696,2.6991,2.6843,2.6666,0.0148,0.0177,0.0325
reggae.00041.wav,reggae,2,1.4727,2.3787,2.3603,2.3478,0.0184,0.0125,0.0309
reggae.00042.wav,reggae,1,1.6422,2.5191,2.5051,2.4939,0.014,0.0112,0.0252
reggae.00042.wav,reggae,2,1.8273,2.8011,2.7846,2.7726,0.0165,0.012,0.0285
reggae.00043.wav,reggae,1,1.7052,2.6493,2.6265,2.6157,0.0228,0.0108,0.0336
reggae.00043.wav,reggae,2,1.3834,2.3509,2.333,2.3221,0.0179,0.0109,0.0288
reggae.00044.wav,reggae,1,1.8473,2.7511,2.7307,2.7106,0.0204,0.0201,0.0405
reggae.00044.wav,reggae,2,1.5906,2.4432,2.4269,2.417,0.0163,0.0099,0.0262
reggae.00045.wav,reggae,1,1.8279,2.6857,2.6677,2.656,0.018,0.0117,0.0297
reggae.00045.wav,reggae,2,1.7008,2.5295,2.5199,2.5087,0.0096,0.0112,0.0208
reggae.00046.wav,reggae,1,1.5217,2.3488,2.3251,2.3139,0.0237,0.0112,0.0349
reggae.00046.wav,reggae,2,1.6245,2.5392,2.5229,2.5106,0.0163,0.0123,0.0286
reggae.00047.wav,reggae,1,1.587,2.383,2.371,2.358,0.012,0.013,0.025
reggae.00047.wav,reggae,2,1.6775,2.6261,2.6137,2.6033,0.0124,0.0104,0.0228
reggae.00048.wav,reggae,1,1.5887,2.3846,2.3696,2.3598,0.015,0.0098,0.0248
reggae.00048.wav,reggae,2,1.6314,2.5102,2.4919,2.4784,0.0183,0.0135,0.0318
reggae.00049.wav,reggae,1,1.6863,2.5356,2.5116,2.5025,0.024,0.0091,0.0331
reggae.00049.wav,reggae,2,1.4753,2.3093,2.2936,2.2822,0.0157,0.0114,0.0271
reggae.00050.wav,reggae,1,1.4396,2.1599,2.1457,2.1339,0.0142,0.0118,0.026
reggae.00050.wav,reggae,2,1.689,2.5448,2.5308,2.5186,0.014,0.0122,0.0262
rock.00000.wav,rock,1,1.8768,2.8392,2.8162,2.8033,0.023,0.0129,0.0359
rock.00000.wav,rock,2,1.5341,2.3613,2.3434,2.3321,0.0179,0.0113,0.0292
rock.00001.wav,rock,1,1.3417,2.0391,2.0203,2.0065,0.0188,0.0138,0.0326
rock.00001.wav,rock,2,1.7309,2.549,2.5324,2.5199,0.0166,0.0125,0.0291
rock.00002.wav,rock,1,1.7819,2.6163,2.5991,2.5894,0.0172,0.0097,0.0269
rock.00002.wav,rock,2,1.614,2.4745,2.4576,2.4476,0.0169,0.01,0.0269
rock.00003.wav,rock,1,1.6529,2.4855,2.4664,2.4405,0.0191,0.0259,0.045
rock.00003.wav,rock,2,1.736,2.5321,2.519,2.5062,0.0131,0.0128,0.0259
rock.00004.wav,rock,1,1.562,2.3089,2.2911,2.2794,0.0178,0.0117,0.0295
rock.00004.wav,rock,2,1.926,2.8151,2.8025,2.7892,0.0126,0.0133,0.0259
rock.00005.wav,rock,1,1.7732,2.6271,2.6095,2.591,0.0176,0.0185,0.0361
rock.00005.wav,rock,2,1.5193,2.3603,2.3361,2.3231,0.0242,0.013,0.0372
rock.00006.wav,rock,1,1.4481,2.2254,2.2119,2.1984,0.0135,0.0135,0.027
rock.00006.wav,rock,2,1.9108,2.8555,2.8384,2.8256,0.0171,0.0128,0.0299
rock.00007.wav,rock,1,1.3344,2.0017,1.9871,1.9793,0.0146,0.0078,0.0224
rock.00007.wav,rock,2,1.5066,2.2897,2.2743,2.2637,0.0154,0.0106,0.026
rock.00008.wav,rock,1,1.5968,2.4095,2.3975,2.3853,0.012,0.0122,0.0242
rock.00008.wav,rock,2,1.7216,2.635,2.6153,2.601,0.0197,0.0143,0.034
rock.00009.wav,rock,1,1.5932,2.4888,2.4694,2.4584,0.0194,0.011,0.0304
rock.00009.wav,rock,2,1.8275,2.8988,2.8683,2.8553,0.0305,0.013,0.0435
rock.00010.wav,rock,1,1.6223,2.4015,2.3823,2.373,0.0192,0.0093,0.0285
rock.00010.wav,rock,2,1.7284,2.663,2.6464,2.6339,0.0166,0.0125,0.0291
rock.00011.wav,rock,1,1.7931,2.5965,2.5862,2.578,0.0103,0.0082,0.0185
rock.00011.wav,rock,2,1.5918,2.3891,2.3777,2.3687,0.0114,0.009,0.0204
rock.00012.wav,rock,1,1.4919,2.351,2.3314,2.3191,0.0196,0.0123,0.0319
rock.00012.wav,rock,2,1.6055,2.4376,2.4258,2.416,0.0118,0.0098,0.0216
rock.00013.wav,rock,1,1.6561,2.4325,2.4186,2.4116,0.0139,0.007,0.0209
rock.00013.wav,rock,2,1.5151,2.296,2.2801,2.2737,0.0159,0.0064,0.0223
rock.00014.wav,rock,1,1.5858,2.3662,2.3543,2.3446,0.0119,0.0097,0.0216
rock.00014.wav,rock,2,1.5302,2.3805,2.3705,2.3617,0.01,0.0088,0.0188
rock.00015.wav,rock,1,1.5058,2.3178,2.3058,2.2901,0.012,0.0157,0.0277
rock.00015.wav,rock,2,1.6009,2.4737,2.4597,2.4472,0.014,0.0125,0.0265
rock.00016.wav,rock,1,1.3823,2.153,2.1325,2.1283,0.0205,0.0042,0.0247
rock.00016.wav,rock,2,1.4488,2.2453,2.2255,2.2157,0.0198,0.0098,0.0296
rock.00017.wav,rock,1,1.5469,2.4202,2.3549,2.343,0.0653,0.0119,0.0772
rock.00017.wav,rock,2,1.5483,2.3166,2.3031,2.2937,0.0135,0.0094,0.0229
rock.00018.wav,rock,1,1.8167,2.754,2.7377,2.7256,0.0163,0.0121,0.0284
rock.00018.wav,rock,2,1.8471,2.8001,2.7865,2.7762,0.0136,0.0103,0.0239
rock.00019.wav,rock,1,1.7366,2.5892,2.5739,2.561,0.0153,0.0129,0.0282
rock.00019.wav,rock,2,1.6994,2.5614,2.5479,2.5379,0.0135,0.01,0.0235
rock.00020.wav,rock,1,1.5435,2.3045,2.294,2.2884,0.0105,0.0056,0.0161
rock.00020.wav,rock,2,1.7463,2.5671,2.5578,2.5476,0.0093,0.0102,0.0195
rock.00021.wav,rock,1,1.481,2.1999,2.1828,2.1725,0.0171,0.0103,0.0274
rock.00021.wav,rock,2,1.8537,2.8179,2.8007,2.7861,0.0172,0.0146,0.0318
rock.00022.wav,rock,1,1.5704,2.3854,2.3699,2.3608,0.0155,0.0091,0.0246
rock.00022.wav,rock,2,1.5846,2.4179,2.4048,2.3937,0.0131,0.0111,0.0242
rock.00023.wav,rock,1,1.5166,2.2934,2.2711,2.2605,0.0223,0.0106,0.0329
rock.00023.wav,rock,2,1.5456,2.4052,2.3879,2.3799,0.0173,0.008,0.0253
rock.00024.wav,rock,1,1.3254,2.0764,2.0635,2.0511,0.0129,0.0124,0.0253
rock.00024.wav,rock,2,1.7146,2.5897,2.5761,2.557,0.0136,0.0191,0.0327
rock.00025.wav,rock,1,1.7096,2.5236,2.5071,2.4947,0.0165,0.0124,0.0289
rock.00025.wav,rock,2,1.4788,2.3618,2.3484,2.3378,0.0134,0.0106,0.024
rock.00026.wav,rock,1,1.7133,2.5386,2.5208,2.5078,0.0178,0.013,0.0308
rock.00026.wav,rock,2,1.5138,2.3571,2.3446,2.3343,0.0125,0.0103,0.0228
rock.00027.wav,rock,1,1.573,2.351,2.3389,2.3288,0.0121,0.0101,0.0222
rock.00027.wav,rock,2,1.4282,2.2405,2.2259,2.2156,0.0146,0.0103,0.0249
rock.00028.wav,rock,1,1.5433,2.2836,2.2691,2.2606,0.0145,0.0085,0.023
rock.00028.wav,rock,2,1.7458,2.5731,2.5589,2.5498,0.0142,0.0091,0.0233
rock.00029.wav,rock,1,1.6211,2.5166,2.4964,2.4837,0.0202,0.0127,0.0329
rock.00029.wav,rock,2,1.6063,2.4951,2.4693,2.4533,0.0258,0.016,0.0418
rock.00030.wav,rock,1,1.4895,2.3233,2.3093,2.2966,0.014,0.0127,0.0267
rock.00030.wav,rock,2,1.4365,2.3318,2.3121,2.2977,0.0197,0.0144,0.0341
rock.00031.wav,rock,1,1.6319,2.4563,2.44,2.4289,0.0163,0.0111,0.0274
rock.00031.wav,rock,2,1.7229,2.6496,2.6314,2.6199,0.0182,0.0115,0.0297
rock.00032.wav,rock,1,1.2566,1.9975,1.9765,1.9643,0.021,0.0122,0.0332
rock.00032.wav,rock,2,1.3427,2.1034,2.0868,2.0764,0.0166,0.0104,0.027
rock.00033.wav,rock,1,1.7969,2.6515,2.6354,2.6233,0.0161,0.0121,0.0282
rock.00033.wav,rock,2,1.7406,2.5891,2.5765,2.5652,0.0126,0.0113,0.0239
rock.00034.wav,rock,1,1.6647,2.5045,2.4881,2.4735,0.0164,0.0146,0.031
rock.00034.wav,rock,2,1.7246,2.5943,2.5785,2.5684,0.0158,0.0101,0.0259
rock.00035.wav,rock,1,1.3644,2.1144,2.0978,2.0879,0.0166,0.0099,0.0265
rock.00035.wav,rock,2,1.8183,2.694,2.6809,2.6716,0.0131,0.0093,0.0224
rock.00036.wav,rock,1,1.6194,2.3762,2.3624,2.3509,0.0138,0.0115,0.0253
rock.00036.wav,rock,2,1.824,2.7195,2.7043,2.6914,0.0152,0.0129,0.0281
rock.00037.wav,rock,1,1.7989,2.721,2.6985,2.6859,0.0225,0.0126,0.0351
rock.00037.wav,rock,2,1.7119,2.6358,2.6132,2.6025,0.0226,0.0107,0.0333
rock.00038.wav,rock,1,1.6043,2.3678,2.353,2.3416,0.0148,0.0114,0.0262
rock.00038.wav,rock,2,1.633,2.54,2.5229,2.511,0.0171,0.0119,0.029
rock.00039.wav,rock,1,1.7958,2.6062,2.5942,2.5847,0.012,0.0095,0.0215
rock.00039.wav,rock,2,1.6864,2.5253,2.5125,2.504,0.0128,0.0085,0.0213
rock.00040.wav,rock,1,1.4066,2.0913,2.0764,2.0674,0.0149,0.009,0.0239
rock.00040.wav,rock,2,1.5189,2.3069,2.2941,2.2868,0.0128,0.0073,0.0201
rock.00041.wav,rock,1,1.624,2.4023,2.387,2.3793,0.0153,0.0077,0.023
rock.00041.wav,rock,2,1.6982,2.4913,2.4826,2.4756,0.0087,0.007,0.0157
rock.00042.wav,rock,1,1.5622,2.3373,2.3236,2.3143,0.0137,0.0093,0.023
rock.00042.wav,rock,2,1.653,2.4952,2.4785,2.47,0.0167,0.0085,0.0252
rock.00043.wav,rock,1,1.5233,2.2556,2.2435,2.2332,0.0121,0.0103,0.0224
rock.00043.wav,rock,2,1.4804,2.2406,2.2304,2.2217,0.0102,0.0087,0.0189
rock.00044.wav,rock,1,1.3507,2.073,2.0604,2.0513,0.0126,0.0091,0.0217
rock.00044.wav,rock,2,1.6069,2.4627,2.4491,2.4391,0.0136,0.01,0.0236
rock.00045.wav,rock,1,1.9142,2.3284,2.3159,2.3068,0.0125,0.0091,0.0216
rock.00045.wav,rock,2,1.5055,2.776,2.7622,2.7527,0.0138,0.0095,0.0233
rock.00046.wav,rock,1,1.7514,2.5628,2.5479,2.5386,0.0149,0.0093,0.0242
rock.00046.wav,rock,2,1.5814,2.4796,2.4614,2.4501,0.0182,0.0113,0.0295
rock.00047.wav,rock,1,1.6216,2.4068,2.3898,2.3764,0.017,0.0134,0.0304
rock.00047.wav,rock,2,1.6155,2.5041,2.4904,2.4785,0.0137,0.0119,0.0256
rock.00048.wav,rock,1,1.5459,2.2324,2.2196,2.2103,0.0128,0.0093,0.0221
rock.00048.wav,rock,2,1.6663,2.5072,2.4905,2.4763,0.0167,0.0142,0.0309
rock.00049.wav,rock,1,1.3199,1.9942,1.9813,1.9713,0.0129,0.01,0.0229
rock.00049.wav,rock,2,1.8025,2.6722,2.6558,2.6467,0.0164,0.0091,0.0255
rock.00050.wav,rock,1,1.4875,2.1825,2.1689,2.1586,0.0136,0.0103,0.0239
rock.00050.wav,rock,2,1.3859,2.1301,2.1153,2.1071,0.0148,0.0082,0.023