,PCA_1,PCA_2,total_water_loss
0,-1.4898732957301974,-0.5317274972820215,0.0337
1,-1.4898732957301974,-0.5317274972820215,0.0389
2,-1.1351041523968168,1.5919809408642143,0.0328
3,-1.1351041523968168,1.5919809408642143,0.0448
4,-1.8168011261354813,-0.33950091562109835,0.0257
5,-1.8168011261354813,-0.33950091562109835,0.0295
6,-2.317718591128566,1.465183678306746,0.0414
7,-2.317718591128566,1.465183678306746,0.036
8,-1.3035526861017308,-0.13616042898146916,0.0259
9,-1.3035526861017308,-0.13616042898146916,0.0256
10,0.5357134721847404,2.0486626382286497,0.0278
11,0.5357134721847404,2.0486626382286497,0.0217
12,-1.1339332891335292,1.4764740053760828,0.0267
13,-1.1339332891335292,1.4764740053760828,0.0266
14,-1.3777916908252772,1.2401160638719424,0.0252
15,-1.3777916908252772,1.2401160638719424,0.0253
16,-1.5721787755444188,-0.1570691422107988,0.0266
17,-1.5721787755444188,-0.1570691422107988,0.0352
18,-1.1975517355835887,0.13647559360265996,0.0255
19,-1.1975517355835887,0.13647559360265996,0.0246
20,-1.6352919897186096,1.0522137244119696,0.0201
21,-1.6352919897186096,1.0522137244119696,0.0287
22,-1.6027973045907948,2.13238906020731,0.0377
23,-1.6027973045907948,2.13238906020731,0.0282
24,-2.0449063874588247,0.05220704251641335,0.0187
25,-2.0449063874588247,0.05220704251641335,0.0251
26,-2.1771391114093377,0.3221477182953493,0.0356
27,-2.1771391114093377,0.3221477182953493,0.0313
28,-2.789838859501701,0.488115326214795,0.0315
29,-2.789838859501701,0.488115326214795,0.0298
30,-2.182565823773308,0.24473038657835375,0.0396
31,-2.182565823773308,0.24473038657835375,0.0375
32,-3.0350888867814407,0.5047332700963475,0.0215
33,-3.0350888867814407,0.5047332700963475,0.0336
34,-1.601967225936385,0.677870711188475,0.0289
35,-1.601967225936385,0.677870711188475,0.0346
36,-2.6453911626295166,0.3166694278481246,0.0222
37,-2.6453911626295166,0.3166694278481246,0.0235
38,-2.4656816110636175,0.08998271305750273,0.0407
39,-2.4656816110636175,0.08998271305750273,0.0288
40,-2.651704437309713,0.8072750248873966,0.0355
41,-2.651704437309713,0.8072750248873966,0.04
42,-2.2602323103435347,0.5929277977653296,0.0279
43,-2.2602323103435347,0.5929277977653296,0.0299
44,-2.803369257736751,0.06256802250947092,0.0256
45,-2.803369257736751,0.06256802250947092,0.0313
46,-2.98907582667299,0.38605058043848856,0.028
47,-2.98907582667299,0.38605058043848856,0.0334
48,-2.9919410004730893,0.1622058646322684,0.0206
49,-2.9919410004730893,0.1622058646322684,0.0292
50,-2.4752768074835236,0.6137086322943569,0.0293
51,-2.4752768074835236,0.6137086322943569,0.0309
52,-2.4040440672741132,-0.2956920766986163,0.0236
53,-2.4040440672741132,-0.2956920766986163,0.0272
54,-3.0301601327701535,0.22401278422004525,0.029
55,-3.0301601327701535,0.22401278422004525,0.0274
56,0.1302415624962272,2.2798841218848596,0.0383
57,0.1302415624962272,2.2798841218848596,0.0341
58,-0.6279788154192335,2.9222709767585227,0.029
59,-0.6279788154192335,2.9222709767585227,0.0225
60,-1.141070624978023,2.2505070751286023,0.0262
61,-1.141070624978023,2.2505070751286023,0.0301
62,-0.5040976466307502,3.5020227025720425,0.0218
63,-0.5040976466307502,3.5020227025720425,0.0338
64,-0.32211421523906525,3.3636480219796114,0.029
65,-0.32211421523906525,3.3636480219796114,0.03
66,-0.9558935019773919,1.5994031949144518,0.0372
67,-0.9558935019773919,1.5994031949144518,0.0281
68,-0.6192359821642174,2.3368403753098663,0.0268
69,-0.6192359821642174,2.3368403753098663,0.0269
70,-1.382863025155365,1.8627725655442962,0.0443
71,-1.382863025155365,1.8627725655442962,0.0298
72,-2.1053739520037524,1.9925462457150753,0.0295
73,-2.1053739520037524,1.9925462457150753,0.0371
74,-0.2502927703551096,2.4155619575624736,0.0271
75,-0.2502927703551096,2.4155619575624736,0.0278
76,-1.6270089785017368,3.3290982298391056,0.0343
77,-1.6270089785017368,3.3290982298391056,0.0371
78,-0.6607695672554383,-1.500180273484806,0.0448
79,-0.6607695672554383,-1.500180273484806,0.0292
80,-0.19050004733271408,-1.235274929343289,0.0441
81,-0.19050004733271408,-1.235274929343289,0.028
82,-0.686325597253687,-1.5261384837568621,0.0257
83,-0.686325597253687,-1.5261384837568621,0.0357
84,-0.7516783739137768,-1.1280663397124857,0.0328
85,-0.7516783739137768,-1.1280663397124857,0.0311
86,-0.7693344472924489,-1.5222039088712531,0.0396
87,-0.7693344472924489,-1.5222039088712531,0.0303
88,-1.551469617166207,-0.658002817745598,0.0375
89,-1.551469617166207,-0.658002817745598,0.04
90,-1.0658492472724455,-0.28764249586526214,0.0397
91,-1.0658492472724455,-0.28764249586526214,0.0378
92,-1.2878606948569196,-1.2158095422123838,0.0294
93,-1.2878606948569196,-1.2158095422123838,0.0273
94,-0.9304812112427943,-1.1238064795293519,0.0314
95,-0.9304812112427943,-1.1238064795293519,0.0458
96,-1.8823744793616084,1.6203388213152672,0.028
97,-1.8823744793616084,1.6203388213152672,0.0383
98,-0.871576738625254,-0.752730192403133,0.0339
99,-0.871576738625254,-0.752730192403133,0.0261
100,-3.0555271713847256,-0.9232700287422405,0.0259
101,-3.0555271713847256,-0.9232700287422405,0.0269
102,-3.361134567883194,-0.709973935536165,0.0272
103,-3.361134567883194,-0.709973935536165,0.0243
104,-3.0749411048863284,-0.9543647585172998,0.024
105,-3.0749411048863284,-0.9543647585172998,0.0335
106,-2.7788622686224236,-0.8060141390054906,0.0274
107,-2.7788622686224236,-0.8060141390054906,0.0212
108,-2.5941814345905696,-1.2858002218059252,0.0241
109,-2.5941814345905696,-1.2858002218059252,0.0324
110,-3.110686477158806,-0.6704071012862031,0.0257
111,-3.110686477158806,-0.6704071012862031,0.0255
112,-3.2300540973243934,-0.667859454896923,0.024
113,-3.2300540973243934,-0.667859454896923,0.0388
114,-3.051029562925318,-0.3821206790249053,0.0297
115,-3.051029562925318,-0.3821206790249053,0.0218
116,-2.9988620891763538,-0.7789190003950517,0.0299
117,-2.9988620891763538,-0.7789190003950517,0.0305
118,-3.3306108075281777,0.001008324120952989,0.0332
119,-3.3306108075281777,0.001008324120952989,0.0248
120,-3.0041923787668163,-0.7427509291742953,0.0221
121,-3.0041923787668163,-0.7427509291742953,0.0287
122,-4.172289882067679,0.07523393304036964,0.0257
123,-4.172289882067679,0.07523393304036964,0.0301
124,-3.542677100556959,-0.05398634309598764,0.0295
125,-3.542677100556959,-0.05398634309598764,0.0359
126,-2.918942541364343,-0.04567105683173388,0.0241
127,-2.918942541364343,-0.04567105683173388,0.0198
128,-3.495889853612615,-0.32492070230486303,0.03
129,-3.495889853612615,-0.32492070230486303,0.0276
130,-3.2386598168824476,-0.3340756597111094,0.0276
131,-3.2386598168824476,-0.3340756597111094,0.0272
132,-3.9435998392913945,0.04619717390231949,0.0222
133,-3.9435998392913945,0.04619717390231949,0.0252
134,-3.2433679940650864,-0.26863296025561345,0.0224
135,-3.2433679940650864,-0.26863296025561345,0.0355
136,-3.326109002759636,0.5845019118462418,0.0368
137,-3.326109002759636,0.5845019118462418,0.0276
138,-3.38641165354592,0.23131104108733155,0.0337
139,-3.38641165354592,0.23131104108733155,0.0263
140,-3.4586985296608908,-0.10511738179868695,0.0234
141,-3.4586985296608908,-0.10511738179868695,0.0264
142,-3.0507604666784762,-0.2328034768245992,0.033
143,-3.0507604666784762,-0.2328034768245992,0.0237
144,-3.5344543028423043,-0.3073407380181537,0.049
145,-3.5344543028423043,-0.3073407380181537,0.028
146,-4.157607024996761,-0.15372128534991256,0.0286
147,-4.157607024996761,-0.15372128534991256,0.0293
148,-3.4483051178536215,-0.46885900692991783,0.0256
149,-3.4483051178536215,-0.46885900692991783,0.0253
150,-3.6392626532087533,-0.48496612713020504,0.0237
151,-3.6392626532087533,-0.48496612713020504,0.0218
152,-3.4439047654494988,-0.40386166617240804,0.0341
153,-3.4439047654494988,-0.40386166617240804,0.0394
154,-4.397216786196865,-0.17418789669897825,0.0257
155,-4.397216786196865,-0.17418789669897825,0.0235
156,-3.076925077311784,-0.1353874060529198,0.0227
157,-3.076925077311784,-0.1353874060529198,0.0229
158,-2.558242948695753,-0.44027712691741144,0.0429
159,-2.558242948695753,-0.44027712691741144,0.0257
160,-3.488827073062751,-0.15396075927111477,0.0297
161,-3.488827073062751,-0.15396075927111477,0.0422
162,-4.411042409136526,0.36855322590417905,0.0271
163,-4.411042409136526,0.36855322590417905,0.0281
164,-4.758625742978958,0.027621412089705158,0.0297
165,-4.758625742978958,0.027621412089705158,0.02
166,-3.6925204131849565,0.19890066073591925,0.0208
167,-3.6925204131849565,0.19890066073591925,0.0244
168,-3.0039939182120903,-0.3125805526869582,0.0267
169,-3.0039939182120903,-0.3125805526869582,0.0266
170,-3.3803133908578005,0.6767020326801692,0.0357
171,-3.3803133908578005,0.6767020326801692,0.0353
172,-2.922447289780808,0.8234712058560506,0.0231
173,-2.922447289780808,0.8234712058560506,0.0326
174,-2.646070573014048,-0.5307063286823378,0.0314
175,-2.646070573014048,-0.5307063286823378,0.0329
176,-3.35115159565056,-0.3752561688984756,0.0259
177,-3.35115159565056,-0.3752561688984756,0.0387
178,-2.226198324840358,-0.559195881327774,0.038
179,-2.226198324840358,-0.559195881327774,0.0253
180,-3.2656560542645487,-0.36510011330550296,0.0315
181,-3.2656560542645487,-0.36510011330550296,0.0281
182,-3.3110752721939205,-0.47786697069359685,0.0131
183,-3.3110752721939205,-0.47786697069359685,0.0319
184,-2.916212914210534,-0.7486441132665942,0.0296
185,-2.916212914210534,-0.7486441132665942,0.0267
186,-2.9340747340326794,0.9758409715058876,0.0333
187,-2.9340747340326794,0.9758409715058876,0.0415
188,-3.559041992896169,0.05163055115549421,0.0318
189,-3.559041992896169,0.05163055115549421,0.0275
190,-3.2345017139965666,-0.5127890337628583,0.0304
191,-3.2345017139965666,-0.5127890337628583,0.0345
192,-1.7824697574774053,-1.3365540410561743,0.0263
193,-1.7824697574774053,-1.3365540410561743,0.0301
194,-3.8538515377578246,-0.6035935489639324,0.0245
195,-3.8538515377578246,-0.6035935489639324,0.0302
196,-0.8399132256209192,1.7642858476690142,0.0376
197,-0.8399132256209192,1.7642858476690142,0.0279
198,-0.23499586088891616,-0.45165808499337207,0.0344
199,-0.23499586088891616,-0.45165808499337207,0.0317
200,-3.780573517712294,-0.24605698342327512,0.0312
201,-3.780573517712294,-0.24605698342327512,0.0217
202,1.2973824114066983,-1.282868399220057,0.0376
203,1.2973824114066983,-1.282868399220057,0.0469
204,0.7414166824079776,-2.57740866469654,0.0418
205,0.7414166824079776,-2.57740866469654,0.0396
206,0.49653769158826666,-0.23069270113369808,0.0301
207,0.49653769158826666,-0.23069270113369808,0.0308
208,0.5650670787139236,0.5948769510028786,0.0337
209,0.5650670787139236,0.5948769510028786,0.0353
210,0.9887512839651084,-2.0386015892151748,0.037
211,0.9887512839651084,-2.0386015892151748,0.0327
212,1.1677531014093196,-1.9479402486628978,0.0277
213,1.1677531014093196,-1.9479402486628978,0.0444
214,1.5192587402254518,-1.1637013904986424,0.0337
215,1.5192587402254518,-1.1637013904986424,0.0426
216,1.377656894147056,-1.5896885680173538,0.0407
217,1.377656894147056,-1.5896885680173538,0.0321
218,0.6952884880006099,-1.1335917494455399,0.0357
219,0.6952884880006099,-1.1335917494455399,0.0451
220,1.673525442023618,-2.6932041607628836,0.0433
221,1.673525442023618,-2.6932041607628836,0.0472
222,-0.8737220117854511,0.5619009178168551,0.0276
223,-0.8737220117854511,0.5619009178168551,0.0194
224,3.0632821156853107,1.3646473565778203,0.0222
225,3.0632821156853107,1.3646473565778203,0.0368
226,-0.8073855550595952,1.777305505196752,0.0288
227,-0.8073855550595952,1.777305505196752,0.0353
228,1.251794607364684,-0.3043495916768647,0.0337
229,1.251794607364684,-0.3043495916768647,0.0271
230,2.5298967342017904,-0.2808374859897081,0.0385
231,2.5298967342017904,-0.2808374859897081,0.0331
232,-0.8510373171115208,-0.32148658993461604,0.0308
233,-0.8510373171115208,-0.32148658993461604,0.0411
234,-2.5187314330594752,0.34872326027384887,0.0287
235,-2.5187314330594752,0.34872326027384887,0.0278
236,-1.905294504738651,0.9148025658065299,0.0363
237,-1.905294504738651,0.9148025658065299,0.0297
238,-3.0230964228054877,0.35544857932125146,0.036
239,-3.0230964228054877,0.35544857932125146,0.0257
240,1.4263881616502052,1.058235530903532,0.0396
241,1.4263881616502052,1.058235530903532,0.0331
242,-3.409922580211372,0.10357980470160184,0.0353
243,-3.409922580211372,0.10357980470160184,0.0457
244,-1.8852759775126644,-0.13679143874048913,0.0309
245,-1.8852759775126644,-0.13679143874048913,0.0405
246,-1.0007499236707325,2.723020643787852,0.0301
247,-1.0007499236707325,2.723020643787852,0.0265
248,-0.9171156576358339,0.9230961121997915,0.0317
249,-0.9171156576358339,0.9230961121997915,0.0262
250,-1.6016397612686792,0.8754412450242448,0.0432
251,-1.6016397612686792,0.8754412450242448,0.0314
252,-2.394771714326815,0.7847945901030754,0.0452
253,-2.394771714326815,0.7847945901030754,0.0234
254,-1.1151474617933177,-0.31645422131225076,0.0322
255,-1.1151474617933177,-0.31645422131225076,0.0284
256,-2.5208796759147614,-0.2946077693700679,0.0365
257,-2.5208796759147614,-0.2946077693700679,0.0404
258,-2.7186748088980406,0.6417461546212506,0.0325
259,-2.7186748088980406,0.6417461546212506,0.0392
260,-1.7531549034118343,2.591058118284254,0.0432
261,-1.7531549034118343,2.591058118284254,0.0388
262,-0.3185019180114499,0.5940475232218394,0.0384
263,-0.3185019180114499,0.5940475232218394,0.034
264,-0.7892821636495561,1.127403690027601,0.0267
265,-0.7892821636495561,1.127403690027601,0.0326
266,0.42118437345171045,-0.4278124039795179,0.0327
267,0.42118437345171045,-0.4278124039795179,0.0274
268,1.5835308476751706,1.3060582249299126,0.0371
269,1.5835308476751706,1.3060582249299126,0.0242
270,0.3154553489884506,0.22586008323188167,0.0359
271,0.3154553489884506,0.22586008323188167,0.0329
272,-0.9814261610920783,0.6785554752603506,0.0271
273,-0.9814261610920783,0.6785554752603506,0.0303
274,0.14515999525350565,1.4586679161439449,0.0331
275,0.14515999525350565,1.4586679161439449,0.03
276,1.1423931744826366,-0.7375091462770129,0.0325
277,1.1423931744826366,-0.7375091462770129,0.0346
278,2.849801216614502,-2.324141375440653,0.0302
279,2.849801216614502,-2.324141375440653,0.0275
280,-0.05372607825557463,-0.7273654711959523,0.0387
281,-0.05372607825557463,-0.7273654711959523,0.0366
282,1.7587702432751193,1.290220710201491,0.0336
283,1.7587702432751193,1.290220710201491,0.0272
284,-0.017709476193335204,-0.6488476875714505,0.0254
285,-0.017709476193335204,-0.6488476875714505,0.0305
286,0.3409305932605224,-0.7511000272631506,0.0373
287,0.3409305932605224,-0.7511000272631506,0.0267
288,-0.511571998133215,1.993778038449119,0.0292
289,-0.511571998133215,1.993778038449119,0.0415
290,1.2728434800873683,-0.8635633872944272,0.0299
291,1.2728434800873683,-0.8635633872944272,0.0319
292,-1.041456781745575,-0.8783018135154256,0.0329
293,-1.041456781745575,-0.8783018135154256,0.0306
294,-1.7609008831075246,-0.6277539840561048,0.0328
295,-1.7609008831075246,-0.6277539840561048,0.0349
296,-0.508403885844817,0.6651735021455714,0.0231
297,-0.508403885844817,0.6651735021455714,0.0299
298,-1.7604426685853245,0.12856545254669297,0.0291
299,-1.7604426685853245,0.12856545254669297,0.0186
300,-0.9947115248060003,0.44061699778938196,0.0263
301,-0.9947115248060003,0.44061699778938196,0.0252
302,2.004378386267174,1.5036258924663035,0.0285
303,2.004378386267174,1.5036258924663035,0.0243
304,2.6214737760778566,-1.5338155773274837,0.0429
305,2.6214737760778566,-1.5338155773274837,0.0343
306,2.9299108132345384,-2.574914205661683,0.0385
307,2.9299108132345384,-2.574914205661683,0.0259
308,2.420005460346729,-0.8803473410856033,0.0285
309,2.420005460346729,-0.8803473410856033,0.0383
310,2.863733373449254,-1.3977412727563703,0.0313
311,2.863733373449254,-1.3977412727563703,0.0275
312,1.4336390917959476,-1.2669872380143192,0.0375
313,1.4336390917959476,-1.2669872380143192,0.0291
314,0.6704813610641707,-2.203801915925752,0.0365
315,0.6704813610641707,-2.203801915925752,0.0348
316,1.8863997492663729,-0.9876395831097471,0.0286
317,1.8863997492663729,-0.9876395831097471,0.0331
318,1.3669659507315242,-1.5118266054308513,0.0283
319,1.3669659507315242,-1.5118266054308513,0.0223
320,1.894447556943471,-0.9648198988757215,0.0235
321,1.894447556943471,-0.9648198988757215,0.0246
322,1.5703418920525163,-1.8384786404223028,0.0373
323,1.5703418920525163,-1.8384786404223028,0.0302
324,2.4866915585841265,-1.3754486956213716,0.0308
325,2.4866915585841265,-1.3754486956213716,0.0305
326,1.5376131619753965,-0.7510722006656314,0.0382
327,1.5376131619753965,-0.7510722006656314,0.0293
328,2.7492751224423,-1.9815564207240413,0.0349
329,2.7492751224423,-1.9815564207240413,0.034
330,1.390035554865525,-2.3929236269384973,0.0475
331,1.390035554865525,-2.3929236269384973,0.0344
332,1.9251107346338894,2.0477109591388385,0.0405
333,1.9251107346338894,2.0477109591388385,0.0251
334,1.1525266567011505,-0.09005004227540446,0.028
335,1.1525266567011505,-0.09005004227540446,0.0205
336,2.097610608767387,1.5355113291654707,0.0274
337,2.097610608767387,1.5355113291654707,0.0347
338,1.7981575965992622,-1.5432236737843232,0.0238
339,1.7981575965992622,-1.5432236737843232,0.0281
340,1.6000968556424502,3.896885420321735,0.0337
341,1.6000968556424502,3.896885420321735,0.0284
342,-0.2194261208715109,0.3103220373999732,0.0382
343,-0.2194261208715109,0.3103220373999732,0.0328
344,2.507229191730372,-0.3189938221576717,0.0384
345,2.507229191730372,-0.3189938221576717,0.0292
346,4.05195518681191,-1.642907152807421,0.0388
347,4.05195518681191,-1.642907152807421,0.0344
348,2.7998345752106237,-1.2989338940692847,0.0279
349,2.7998345752106237,-1.2989338940692847,0.0345
350,0.899460303474437,0.7905957243252859,0.0273
351,0.899460303474437,0.7905957243252859,0.0257
352,2.4586583539388576,-0.7164712859597548,0.031
353,2.4586583539388576,-0.7164712859597548,0.033
354,3.46907179017087,2.0835442934966517,0.0278
355,3.46907179017087,2.0835442934966517,0.0227
356,5.0969343808004215,-1.8501983913090958,0.0356
357,5.0969343808004215,-1.8501983913090958,0.0293
358,1.8974733836651259,-1.3374160416027823,0.029
359,1.8974733836651259,-1.3374160416027823,0.0269
360,2.9230742848876083,-1.4230536048940772,0.0395
361,2.9230742848876083,-1.4230536048940772,0.0375
362,1.8291526126027826,-1.9804511217514178,0.0248
363,1.8291526126027826,-1.9804511217514178,0.0193
364,0.9203916671747313,0.4514902452134828,0.0305
365,0.9203916671747313,0.4514902452134828,0.0358
366,0.38208155197325905,-0.4757635237398304,0.0263
367,0.38208155197325905,-0.4757635237398304,0.0276
368,2.3673156995562525,-3.099919161836329,0.0269
369,2.3673156995562525,-3.099919161836329,0.0378
370,4.075390185867012,-1.49293233251779,0.0257
371,4.075390185867012,-1.49293233251779,0.0284
372,1.9834876391902478,-2.487278653719783,0.0345
373,1.9834876391902478,-2.487278653719783,0.0307
374,3.201624432770237,-2.737431912387319,0.0298
375,3.201624432770237,-2.737431912387319,0.0313
376,2.5536426276726742,-1.6831637902740324,0.0268
377,2.5536426276726742,-1.6831637902740324,0.0284
378,0.006802594100233338,0.2915111567757925,0.0234
379,0.006802594100233338,0.2915111567757925,0.0248
380,0.9881762080267754,-0.6587415452354369,0.0304
381,0.9881762080267754,-0.6587415452354369,0.03
382,0.47176911206221384,2.767403031155689,0.034
383,0.47176911206221384,2.767403031155689,0.0397
384,0.11919153719861719,-0.6255555687241875,0.021
385,0.11919153719861719,-0.6255555687241875,0.0269
386,4.008415675326543,3.544515084815691,0.0325
387,4.008415675326543,3.544515084815691,0.038
388,0.693347298812525,0.8312149164011604,0.0268
389,0.693347298812525,0.8312149164011604,0.0276
390,1.4813120531099873,1.9739932061553915,0.0287
391,1.4813120531099873,1.9739932061553915,0.0262
392,-0.08691507301009475,-0.5122333760515925,0.0247
393,-0.08691507301009475,-0.5122333760515925,0.0256
394,-1.761559084854294,0.21213231136149432,0.0254
395,-1.761559084854294,0.21213231136149432,0.0219
396,0.27658401464778504,-1.3737820067721302,0.0237
397,0.27658401464778504,-1.3737820067721302,0.0267
398,1.6106133084403693,-0.17192945408020704,0.0508
399,1.6106133084403693,-0.17192945408020704,0.0452
400,-0.2385584170488056,-1.5417428815277767,0.0257
401,-0.2385584170488056,-1.5417428815277767,0.0266
402,0.7442482858939322,-1.1268879036706232,0.0261
403,0.7442482858939322,-1.1268879036706232,0.021
404,2.62400468228058,0.3676480598430269,0.0423
405,2.62400468228058,0.3676480598430269,0.0357
406,-0.9601088116937472,2.125807150643639,0.023
407,-0.9601088116937472,2.125807150643639,0.0271
408,1.9657482970004687,0.6032425944335599,0.0439
409,1.9657482970004687,0.6032425944335599,0.0419
410,3.5694474404272976,3.4353300194458622,0.0321
411,3.5694474404272976,3.4353300194458622,0.0371
412,1.1645605958741678,-1.8715987214634517,0.0293
413,1.1645605958741678,-1.8715987214634517,0.0407
414,4.477748073296986,0.7879480848702721,0.044
415,4.477748073296986,0.7879480848702721,0.0347
416,1.2016411291401008,1.1733343729371701,0.0352
417,1.2016411291401008,1.1733343729371701,0.0372
418,3.2062974736717287,-0.6798220631970133,0.0255
419,3.2062974736717287,-0.6798220631970133,0.0381
420,2.6980761925437253,2.150796032881267,0.0377
421,2.6980761925437253,2.150796032881267,0.039
422,0.009558685972101334,-1.3116230818215164,0.031
423,0.009558685972101334,-1.3116230818215164,0.0339
424,0.5883497368347209,0.025554939574053477,0.0407
425,0.5883497368347209,0.025554939574053477,0.0326
426,-0.5920408060522021,-0.5773323197679068,0.0294
427,-0.5920408060522021,-0.5773323197679068,0.0282
428,-0.4142427503756322,2.4389031487642647,0.0295
429,-0.4142427503756322,2.4389031487642647,0.0323
430,0.15672346190944406,-1.2218402801081787,0.025
431,0.15672346190944406,-1.2218402801081787,0.0246
432,0.18374340074821624,-1.2162203347564635,0.0401
433,0.18374340074821624,-1.2162203347564635,0.0294
434,1.7917653879549889,0.1139187003954878,0.0382
435,1.7917653879549889,0.1139187003954878,0.033
436,-0.06764399565070228,-0.685730775530064,0.0323
437,-0.06764399565070228,-0.685730775530064,0.0294
438,2.931553398878294,-0.07071277760131088,0.0297
439,2.931553398878294,-0.07071277760131088,0.0284
440,2.792046134943957,2.6555531299998667,0.0369
441,2.792046134943957,2.6555531299998667,0.0316
442,1.1853359987181504,-0.7278708356489454,0.0264
443,1.1853359987181504,-0.7278708356489454,0.0291
444,1.189536030107132,-0.6851239108816709,0.0246
445,1.189536030107132,-0.6851239108816709,0.0335
446,0.3797808330030665,0.6382217311176688,0.0308
447,0.3797808330030665,0.6382217311176688,0.0405
448,-0.27702206916737016,-1.1461714535050467,0.0291
449,-0.27702206916737016,-1.1461714535050467,0.0301
450,1.11274247369595,-0.23760502943599274,0.0384
451,1.11274247369595,-0.23760502943599274,0.0328
452,1.2376936929809,-0.3790852430507903,0.0345
453,1.2376936929809,-0.3790852430507903,0.0288
454,4.473569277758448,-0.956359510727168,0.0356
455,4.473569277758448,-0.956359510727168,0.0321
456,2.400342947763709,1.1235837131765614,0.0231
457,2.400342947763709,1.1235837131765614,0.0279
458,1.9212714175299745,0.2528826945146804,0.0225
459,1.9212714175299745,0.2528826945146804,0.0292
460,2.6490909240112486,-0.4537110199552918,0.0312
461,2.6490909240112486,-0.4537110199552918,0.0305
462,2.2679691745948967,-3.419747469179434,0.029
463,2.2679691745948967,-3.419747469179434,0.0315
464,2.8572298104399763,-1.130659713053427,0.0281
465,2.8572298104399763,-1.130659713053427,0.0318
466,1.466430424212578,2.172734890465735,0.0308
467,1.466430424212578,2.172734890465735,0.0359
468,3.2275182830389832,-0.2018156134721705,0.0313
469,3.2275182830389832,-0.2018156134721705,0.0338
470,1.8021772139432266,-2.5945302564715593,0.0313
471,1.8021772139432266,-2.5945302564715593,0.0368
472,3.696178955353911,0.952462703887134,0.0384
473,3.696178955353911,0.952462703887134,0.0345
474,3.6306058475869145,2.0617966637561485,0.0228
475,3.6306058475869145,2.0617966637561485,0.0241
476,7.529516504483257,1.866802774593118,0.034
477,7.529516504483257,1.866802774593118,0.0451
478,3.1850510010936177,4.265625803379747,0.0314
479,3.1850510010936177,4.265625803379747,0.0332
480,5.048733252791541,2.9851767956875745,0.0341
481,5.048733252791541,2.9851767956875745,0.0335
482,6.225876301135059,6.327602444426995,0.0338
483,6.225876301135059,6.327602444426995,0.0232
484,2.572642586798948,0.45617622112765277,0.0392
485,2.572642586798948,0.45617622112765277,0.0322
486,3.176503141271675,0.45728612785975953,0.04
487,3.176503141271675,0.45728612785975953,0.0297
488,1.2189732129117872,4.279221087742245,0.0417
489,1.2189732129117872,4.279221087742245,0.0389
490,2.1008906808482504,1.8775187029104585,0.0298
491,2.1008906808482504,1.8775187029104585,0.0202
492,3.1489024931798384,2.286197299538212,0.031
493,3.1489024931798384,2.286197299538212,0.0315
494,5.448629943173013,0.8016426130538115,0.0339
495,5.448629943173013,0.8016426130538115,0.0383
496,2.6165848968112178,2.2644310848637224,0.041
497,2.6165848968112178,2.2644310848637224,0.0422
498,2.759939322363571,-1.1224083939533187,0.0313
499,2.759939322363571,-1.1224083939533187,0.0313
500,1.3485334351154583,3.5874887919706113,0.0431
501,1.3485334351154583,3.5874887919706113,0.0436
502,3.395434089228361,1.864770530907613,0.0278
503,3.395434089228361,1.864770530907613,0.0302
504,-1.2985438602447736,2.027659654084113,0.0283
505,-1.2985438602447736,2.027659654084113,0.0182
506,-2.6043913974236164,1.3377128053286287,0.0213
507,-2.6043913974236164,1.3377128053286287,0.0254
508,-3.630084684472484,0.1444356548207754,0.0283
509,-3.630084684472484,0.1444356548207754,0.026
510,-3.948612419866614,1.253660655866613,0.0259
511,-3.948612419866614,1.253660655866613,0.0173
512,-3.228583954099989,0.4253106309612618,0.0225
513,-3.228583954099989,0.4253106309612618,0.0232
514,-2.1581360921970183,1.5233952540872446,0.0326
515,-2.1581360921970183,1.5233952540872446,0.029
516,-2.7527221434692173,0.8239232919422143,0.0209
517,-2.7527221434692173,0.8239232919422143,0.0278
518,-2.583466667516732,0.43254588361738944,0.0386
519,-2.583466667516732,0.43254588361738944,0.0231
520,-4.266147244352016,0.4867167204961107,0.0252
521,-4.266147244352016,0.4867167204961107,0.0225
522,-4.042533890360997,0.6833669049392022,0.0269
523,-4.042533890360997,0.6833669049392022,0.0194
524,-1.7256642146230394,-0.4118868282042398,0.0187
525,-1.7256642146230394,-0.4118868282042398,0.025
526,-2.284710308106816,-0.14319763404138633,0.0187
527,-2.284710308106816,-0.14319763404138633,0.0231
528,-1.952279048007284,-0.7964370862100654,0.0302
529,-1.952279048007284,-0.7964370862100654,0.021
530,-3.436750960296633,0.11777155964954568,0.0236
531,-3.436750960296633,0.11777155964954568,0.0182
532,-2.018906225743039,-0.5062444696885346,0.0227
533,-2.018906225743039,-0.5062444696885346,0.0232
534,-2.609510978360751,-0.29479837500713835,0.0183
535,-2.609510978360751,-0.29479837500713835,0.0188
536,-1.207890219687443,-0.14509287960075476,0.0246
537,-1.207890219687443,-0.14509287960075476,0.0188
538,-1.940641726142388,-1.3494494474664993,0.0272
539,-1.940641726142388,-1.3494494474664993,0.0164
540,-3.1110841972005465,-0.2139634406808508,0.0239
541,-3.1110841972005465,-0.2139634406808508,0.0204
542,-3.413015118698681,0.31627160142387845,0.0217
543,-3.413015118698681,0.31627160142387845,0.019
544,1.2341485480030827,-1.9936394741816634,0.0169
545,1.2341485480030827,-1.9936394741816634,0.0218
546,-2.3931389151453244,0.5897470724127964,0.0171
547,-2.3931389151453244,0.5897470724127964,0.0203
548,-1.4298856749253452,-0.6737100273813956,0.02
549,-1.4298856749253452,-0.6737100273813956,0.0191
550,-0.947240698775851,-0.12312993801872972,0.028
551,-0.947240698775851,-0.12312993801872972,0.0211
552,-1.8840247386450382,-0.09239294646667702,0.0244
553,-1.8840247386450382,-0.09239294646667702,0.0302
554,-1.955686391760724,1.8347930853297842,0.0266
555,-1.955686391760724,1.8347930853297842,0.0203
556,-2.2093920441507784,-0.611736013528031,0.0242
557,-2.2093920441507784,-0.611736013528031,0.025
558,-1.9284851691003628,-0.49066045104403205,0.0184
559,-1.9284851691003628,-0.49066045104403205,0.0214
560,-1.325672206437977,-1.1611073748304999,0.0277
561,-1.325672206437977,-1.1611073748304999,0.0214
562,-2.1091159432810684,-0.4324849662860992,0.0235
563,-2.1091159432810684,-0.4324849662860992,0.0244
564,-2.347596402097765,-0.8565556763931427,0.0218
565,-2.347596402097765,-0.8565556763931427,0.021
566,-1.9010821511999298,1.1200037202993982,0.0192
567,-1.9010821511999298,1.1200037202993982,0.019
568,-3.2504726126863384,0.17360991089512826,0.0225
569,-3.2504726126863384,0.17360991089512826,0.0201
570,-1.6577481060662298,-0.7580496232226829,0.0246
571,-1.6577481060662298,-0.7580496232226829,0.0279
572,-4.131063304164585,0.11256584394228954,0.0214
573,-4.131063304164585,0.11256584394228954,0.0227
574,-2.1943219155841978,-0.3445219707775387,0.0226
575,-2.1943219155841978,-0.3445219707775387,0.0271
576,-2.801079395542523,0.32133195484625293,0.0289
577,-2.801079395542523,0.32133195484625293,0.0213
578,-2.5029746728009767,-0.5676398091723518,0.0218
579,-2.5029746728009767,-0.5676398091723518,0.0225
580,-2.8136781572968177,-0.35620644815459634,0.0269
581,-2.8136781572968177,-0.35620644815459634,0.0229
582,-2.566234893966212,0.26796049447606546,0.0268
583,-2.566234893966212,0.26796049447606546,0.0178
584,-2.2432906263942614,-0.9457660458718486,0.0233
585,-2.2432906263942614,-0.9457660458718486,0.0208
586,-2.464923452677728,0.08329143296407422,0.0182
587,-2.464923452677728,0.08329143296407422,0.0185
588,-1.9556165980111129,-0.6175139233762428,0.0219
589,-1.9556165980111129,-0.6175139233762428,0.0294
590,-3.5503046152709317,0.4311494457623562,0.0171
591,-3.5503046152709317,0.4311494457623562,0.0197
592,-3.9047480222832336,-0.04296548504110752,0.0315
593,-3.9047480222832336,-0.04296548504110752,0.0272
594,-2.874028109568294,-0.2708428778156447,0.0194
595,-2.874028109568294,-0.2708428778156447,0.0175
596,-1.2682288711663665,-0.5597619927997735,0.0231
597,-1.2682288711663665,-0.5597619927997735,0.0204
598,-2.1796028351815737,-0.6726981838683418,0.0297
599,-2.1796028351815737,-0.6726981838683418,0.0164
600,0.7528164893443906,1.150369875393678,0.0204
601,0.7528164893443906,1.150369875393678,0.0217
602,0.19489347443687424,-1.1040731503500858,0.0274
603,0.19489347443687424,-1.1040731503500858,0.025
604,1.4294946941994533,-1.910654086767508,0.0201
605,1.4294946941994533,-1.910654086767508,0.0195
606,0.30688357461052895,-2.429263831625764,0.0283
607,0.30688357461052895,-2.429263831625764,0.0261
608,-0.9797984114938558,-1.4531913760780926,0.0219
609,-0.9797984114938558,-1.4531913760780926,0.0201
610,0.056788245292401986,-2.533723921671251,0.0289
611,0.056788245292401986,-2.533723921671251,0.025
612,1.2256983901563672,-2.9700890472322983,0.0257
613,1.2256983901563672,-2.9700890472322983,0.0229
614,-0.42561469065459023,-1.6230448610370787,0.0215
615,-0.42561469065459023,-1.6230448610370787,0.0306
616,1.0411931948096087,-2.5202959340497477,0.0225
617,1.0411931948096087,-2.5202959340497477,0.0234
618,0.369734513523268,-2.0837738025465162,0.0262
619,0.369734513523268,-2.0837738025465162,0.0254
620,2.142037636112944,0.6109536245788864,0.0246
621,2.142037636112944,0.6109536245788864,0.0286
622,-0.18315113838987335,-2.0381249899217133,0.0325
623,-0.18315113838987335,-2.0381249899217133,0.0312
624,0.3234370716272837,-3.1138460979867397,0.0239
625,0.3234370716272837,-3.1138460979867397,0.0232
626,-0.0029108299429286767,-3.000052381296765,0.0305
627,-0.0029108299429286767,-3.000052381296765,0.0317
628,-0.3756800990585326,-2.808944068652276,0.0255
629,-0.3756800990585326,-2.808944068652276,0.0223
630,0.1224983123086737,-3.222705209426694,0.0255
631,0.1224983123086737,-3.222705209426694,0.0239
632,-0.3932972220699583,-2.7609290375417763,0.0272
633,-0.3932972220699583,-2.7609290375417763,0.0255
634,0.1352758181971931,-2.8549833475583197,0.0321
635,0.1352758181971931,-2.8549833475583197,0.0257
636,0.6293818468420106,-2.542096925592481,0.0272
637,0.6293818468420106,-2.542096925592481,0.0261
638,-0.06411157958613456,-2.362879042582704,0.0167
639,-0.06411157958613456,-2.362879042582704,0.0174
640,-1.2041683556767853,-2.2158222017824087,0.023
641,-1.2041683556767853,-2.2158222017824087,0.0287
642,0.07650226855928499,-2.1095642962352343,0.0261
643,0.07650226855928499,-2.1095642962352343,0.0191
644,-0.052210122250446515,-2.260580416292168,0.0268
645,-0.052210122250446515,-2.260580416292168,0.0218
646,0.4411466642564984,-2.959064935484309,0.0368
647,0.4411466642564984,-2.959064935484309,0.0189
648,-0.6374851363554211,-1.8588795980642565,0.0304
649,-0.6374851363554211,-1.8588795980642565,0.0245
650,-0.09680738151286442,-2.014207576063936,0.035
651,-0.09680738151286442,-2.014207576063936,0.0255
652,0.0306036689844296,-1.725754135727616,0.0301
653,0.0306036689844296,-1.725754135727616,0.0266
654,-0.5662547315880175,-0.9906257298427193,0.0295
655,-0.5662547315880175,-0.9906257298427193,0.0334
656,-0.027982851484635633,-3.1118307092860524,0.0266
657,-0.027982851484635633,-3.1118307092860524,0.0252
658,-0.6850552983748869,-2.1480491062802396,0.0304
659,-0.6850552983748869,-2.1480491062802396,0.026
660,0.06550995281180008,-2.6092484485389864,0.0218
661,0.06550995281180008,-2.6092484485389864,0.0249
662,0.4680370008436953,-2.5611857988461604,0.0209
663,0.4680370008436953,-2.5611857988461604,0.036
664,-1.493925435470395,0.26251140962158726,0.0286
665,-1.493925435470395,0.26251140962158726,0.0389
666,0.243978106885293,-2.0627302130351404,0.0215
667,0.243978106885293,-2.0627302130351404,0.0235
668,-0.31636229164884155,-1.7011239422703723,0.0248
669,-0.31636229164884155,-1.7011239422703723,0.0246
670,-0.40924477951394644,-0.9402662149449015,0.0333
671,-0.40924477951394644,-0.9402662149449015,0.0336
672,0.3461599802117328,-1.6862671871180783,0.0233
673,0.3461599802117328,-1.6862671871180783,0.0291
674,1.4021796880284794,-2.034488369678776,0.0303
675,1.4021796880284794,-2.034488369678776,0.0309
676,-0.009345215399547767,-2.34511558758843,0.0231
677,-0.009345215399547767,-2.34511558758843,0.0207
678,-0.830837910646655,-1.7256522252090887,0.0243
679,-0.830837910646655,-1.7256522252090887,0.018
680,1.2570192137328349,-0.19686052657459865,0.023
681,1.2570192137328349,-0.19686052657459865,0.0248
682,-0.49084886587406695,-0.20689607011431332,0.0254
683,-0.49084886587406695,-0.20689607011431332,0.0305
684,-0.0719862767494043,-2.088116247254173,0.0197
685,-0.0719862767494043,-2.088116247254173,0.022
686,-1.1550346533195583,-1.432661923116907,0.0176
687,-1.1550346533195583,-1.432661923116907,0.0225
688,-0.8849884805892108,-1.9265351346334634,0.0237
689,-0.8849884805892108,-1.9265351346334634,0.0309
690,0.56799120006437,-1.0602968526804897,0.0226
691,0.56799120006437,-1.0602968526804897,0.0226
692,0.013660745341974152,-2.030922141904611,0.0209
693,0.013660745341974152,-2.030922141904611,0.0224
694,-0.1517301917862009,-0.9137959386741159,0.0282
695,-0.1517301917862009,-0.9137959386741159,0.0199
696,0.18810239636200593,-2.805708899650106,0.0309
697,0.18810239636200593,-2.805708899650106,0.025
698,0.6597267307966848,-2.559534014472767,0.0286
699,0.6597267307966848,-2.559534014472767,0.0252
700,0.4336732893960341,-2.869524478444285,0.0239
701,0.4336732893960341,-2.869524478444285,0.027
702,0.490918675900114,-3.105175342511164,0.0312
703,0.490918675900114,-3.105175342511164,0.0312
704,0.7896735684420416,-2.8001240264388865,0.0285
705,0.7896735684420416,-2.8001240264388865,0.0286
706,4.909388936385104,-0.05239996350233016,0.0291
707,4.909388936385104,-0.05239996350233016,0.0251
708,6.601548468715726,0.3898923162384105,0.032
709,6.601548468715726,0.3898923162384105,0.0326
710,3.8549419988030262,-0.4439110605466008,0.0329
711,3.8549419988030262,-0.4439110605466008,0.0285
712,0.21441667581677673,2.638817424315706,0.0271
713,0.21441667581677673,2.638817424315706,0.0202
714,2.3712153601463566,-0.23072394916025593,0.0238
715,2.3712153601463566,-0.23072394916025593,0.0226
716,0.9111009671187144,0.7200220432855935,0.028
717,0.9111009671187144,0.7200220432855935,0.0196
718,0.6136290061100239,1.4405692120297466,0.0232
719,0.6136290061100239,1.4405692120297466,0.0234
720,1.043083860927932,3.9420479520553062,0.0182
721,1.043083860927932,3.9420479520553062,0.0185
722,3.1826150671697544,-0.038823513615276015,0.0291
723,3.1826150671697544,-0.038823513615276015,0.0217
724,2.579489228765401,-1.9063076451467509,0.025
725,2.579489228765401,-1.9063076451467509,0.026
726,0.8698074231408252,2.5354160695107133,0.0311
727,0.8698074231408252,2.5354160695107133,0.0362
728,0.21529959713950075,0.9870024664133739,0.0253
729,0.21529959713950075,0.9870024664133739,0.0212
730,1.5929801277526556,0.033251377722260236,0.0224
731,1.5929801277526556,0.033251377722260236,0.0266
732,1.8848999538025042,3.023891025286752,0.027
733,1.8848999538025042,3.023891025286752,0.0293
734,-1.0616161114789757,-0.1800533502189932,0.0225
735,-1.0616161114789757,-0.1800533502189932,0.0254
736,3.718383364731059,-0.5814714763711992,0.0272
737,3.718383364731059,-0.5814714763711992,0.0212
738,4.365213580528112,-0.5338388129782314,0.0336
739,4.365213580528112,-0.5338388129782314,0.0257
740,1.166306194514171,-0.8598522201319334,0.0264
741,1.166306194514171,-0.8598522201319334,0.0259
742,3.6167361666041926,-1.4742006352841788,0.03
743,3.6167361666041926,-1.4742006352841788,0.0265
744,4.810893713247926,0.5251191993868685,0.0284
745,4.810893713247926,0.5251191993868685,0.0328
746,4.1537694336691935,-1.7858119972496973,0.0298
747,4.1537694336691935,-1.7858119972496973,0.0305
748,4.633916520088041,-0.6983675993960154,0.0302
749,4.633916520088041,-0.6983675993960154,0.0364
750,5.98013349777488,-0.014474623067957201,0.0369
751,5.98013349777488,-0.014474623067957201,0.0339
752,4.080616819831911,-0.6247798613307334,0.0292
753,4.080616819831911,-0.6247798613307334,0.0364
754,4.965675224563544,2.720433262344412,0.0372
755,4.965675224563544,2.720433262344412,0.0416
756,3.0820187591861536,2.2762110363720955,0.0257
757,3.0820187591861536,2.2762110363720955,0.0267
758,2.052556118460384,0.7769435065533219,0.0275
759,2.052556118460384,0.7769435065533219,0.019
760,2.6959885822484186,-0.14426776697155405,0.0296
761,2.6959885822484186,-0.14426776697155405,0.0293
762,2.9100089345473337,-0.3299765970779807,0.0332
763,2.9100089345473337,-0.3299765970779807,0.0314
764,2.9486016619362125,-0.8549235423091344,0.0225
765,2.9486016619362125,-0.8549235423091344,0.0264
766,6.925894056722102,-1.4800176297478738,0.0255
767,6.925894056722102,-1.4800176297478738,0.0208
768,1.3566797384652873,-0.7514693339787076,0.0221
769,1.3566797384652873,-0.7514693339787076,0.0229
770,3.8999309983433035,-0.23777693976165384,0.02
771,3.8999309983433035,-0.23777693976165384,0.0315
772,3.6494511966092253,-1.1795086105893946,0.0374
773,3.6494511966092253,-1.1795086105893946,0.0326
774,4.752030139752923,1.3122850305145972,0.0348
775,4.752030139752923,1.3122850305145972,0.0332
776,3.429844159258097,-0.7793061435143278,0.037
777,3.429844159258097,-0.7793061435143278,0.0355
778,3.4316495849855553,-0.9378870219470294,0.0323
779,3.4316495849855553,-0.9378870219470294,0.0305
780,6.433335089628738,-1.3657876406223786,0.0249
781,6.433335089628738,-1.3657876406223786,0.0426
782,0.005390848112595386,0.33048206769458544,0.0379
783,0.005390848112595386,0.33048206769458544,0.0254
784,0.251297312998471,1.0848374747424243,0.0262
785,0.251297312998471,1.0848374747424243,0.0241
786,3.5701424583910124,0.14465123398269,0.0451
787,3.5701424583910124,0.14465123398269,0.0382
788,3.158210090425432,1.2965908899741456,0.0377
789,3.158210090425432,1.2965908899741456,0.0434
790,3.350552257291365,-0.6376312339534413,0.0349
791,3.350552257291365,-0.6376312339534413,0.0343
792,4.507125398229085,2.56579734863443,0.0324
793,4.507125398229085,2.56579734863443,0.0365
794,3.8057898450289382,-0.15359014161995246,0.0338
795,3.8057898450289382,-0.15359014161995246,0.0357
796,5.342614783246192,-1.5142692846357917,0.0319
797,5.342614783246192,-1.5142692846357917,0.025
798,2.0543903749404224,4.328806613544765,0.0397
799,2.0543903749404224,4.328806613544765,0.0231
800,4.4157925671810725,1.1422181229601773,0.0294
801,4.4157925671810725,1.1422181229601773,0.0359
802,6.280197519479965,-2.0406334904710337,0.029
803,6.280197519479965,-2.0406334904710337,0.037
804,6.868355773329655,0.2322869582283741,0.0383
805,6.868355773329655,0.2322869582283741,0.046
806,3.7642584283839464,2.1327749707490646,0.0305
807,3.7642584283839464,2.1327749707490646,0.0216
808,-0.5388926758696628,-0.26171943618176424,0.0353
809,-0.5388926758696628,-0.26171943618176424,0.0209
810,-1.199965112417109,1.37438200566822,0.0231
811,-1.199965112417109,1.37438200566822,0.0243
812,-0.8609906713780036,0.7716368757642693,0.0232
813,-0.8609906713780036,0.7716368757642693,0.0274
814,0.3869129295647693,2.2117665355166642,0.027
815,0.3869129295647693,2.2117665355166642,0.0229
816,-0.28358802730257926,0.7498032454274692,0.0212
817,-0.28358802730257926,0.7498032454274692,0.0246
818,-1.043317421949984,0.6570785203013676,0.0226
819,-1.043317421949984,0.6570785203013676,0.0277
820,-1.197588264508686,1.9879693609019735,0.0218
821,-1.197588264508686,1.9879693609019735,0.0219
822,-0.8056312431040568,1.308981593008266,0.0282
823,-0.8056312431040568,1.308981593008266,0.0212
824,-0.8070966255931115,1.4024855610543165,0.0226
825,-0.8070966255931115,1.4024855610543165,0.0232
826,0.15620473099536292,3.850969949512458,0.0324
827,0.15620473099536292,3.850969949512458,0.0203
828,-0.004683761490935419,0.2941463275542034,0.0255
829,-0.004683761490935419,0.2941463275542034,0.026
830,-0.8585479330390959,0.15445867141114494,0.0218
831,-0.8585479330390959,0.15445867141114494,0.0242
832,1.548361032210447,1.3801245878730612,0.0208
833,1.548361032210447,1.3801245878730612,0.0291
834,-0.1585111336743893,2.5502375108243553,0.0327
835,-0.1585111336743893,2.5502375108243553,0.0209
836,0.6460083574101435,3.50138426337828,0.0314
837,0.6460083574101435,3.50138426337828,0.0226
838,0.3786600437101445,2.0599433628486765,0.0279
839,0.3786600437101445,2.0599433628486765,0.0483
840,-0.4672050927242378,-0.7885650388645837,0.0249
841,-0.4672050927242378,-0.7885650388645837,0.0222
842,-0.05223415038780107,1.4012943266907674,0.0259
843,-0.05223415038780107,1.4012943266907674,0.0252
844,0.32402895912932006,1.997606680611061,0.0346
845,0.32402895912932006,1.997606680611061,0.0235
846,0.9111153276189072,3.229119153529462,0.0337
847,0.9111153276189072,3.229119153529462,0.0327
848,-0.4691365968062759,1.8177187897846299,0.036
849,-0.4691365968062759,1.8177187897846299,0.0254
850,-0.5454315779572694,-0.3820860603503813,0.0264
851,-0.5454315779572694,-0.3820860603503813,0.0254
852,-0.637819106204763,-0.48364138235809523,0.0322
853,-0.637819106204763,-0.48364138235809523,0.0331
854,1.4990863291729448,0.29598942653104054,0.0275
855,1.4990863291729448,0.29598942653104054,0.0241
856,-0.2607499759062101,1.4385643140817297,0.0236
857,-0.2607499759062101,1.4385643140817297,0.0254
858,-0.3344891612278018,1.9843238438119775,0.0367
859,-0.3344891612278018,1.9843238438119775,0.0235
860,-0.1060536436558022,1.5659041948005152,0.0313
861,-0.1060536436558022,1.5659041948005152,0.0298
862,1.3904791868834183,1.897305704140414,0.0498
863,1.3904791868834183,1.897305704140414,0.0537
864,-0.45062881916908293,1.9993072968023071,0.0358
865,-0.45062881916908293,1.9993072968023071,0.0374
866,-1.5473485022236446,0.7814836698306771,0.0266
867,-1.5473485022236446,0.7814836698306771,0.0279
868,0.5808835878850279,2.807568853270582,0.0217
869,0.5808835878850279,2.807568853270582,0.0276
870,-0.8694221166141519,2.030808030319044,0.0227
871,-0.8694221166141519,2.030808030319044,0.0382
872,-1.6613954754076365,1.2263235501848928,0.0301
873,-1.6613954754076365,1.2263235501848928,0.0236
874,-0.5434344977800311,1.9813546624649554,0.0257
875,-0.5434344977800311,1.9813546624649554,0.022
876,-1.7001434482910631,2.4327643072696037,0.0403
877,-1.7001434482910631,2.4327643072696037,0.0268
878,-0.8987175250441806,1.5537870793886157,0.0254
879,-0.8987175250441806,1.5537870793886157,0.0287
880,-0.4495000631448033,1.4718985853046649,0.0262
881,-0.4495000631448033,1.4718985853046649,0.0254
882,-0.6577706924396279,1.4069195926865212,0.033
883,-0.6577706924396279,1.4069195926865212,0.0252
884,-0.8514664606974728,1.5207484775926103,0.0212
885,-0.8514664606974728,1.5207484775926103,0.0213
886,-1.0636737282283535,3.142563320996689,0.0225
887,-1.0636737282283535,3.142563320996689,0.0248
888,-0.009553801453774885,0.6852470560356206,0.0336
889,-0.009553801453774885,0.6852470560356206,0.0288
890,-0.6838846709385813,0.7240529341711415,0.0325
891,-0.6838846709385813,0.7240529341711415,0.0309
892,1.060052697660123,1.4823121366673586,0.0252
893,1.060052697660123,1.4823121366673586,0.0285
894,-2.5203522323996603,-0.6273528539545828,0.0336
895,-2.5203522323996603,-0.6273528539545828,0.0288
896,1.7760465037406021,1.3061466003345232,0.0405
897,1.7760465037406021,1.3061466003345232,0.0262
898,4.459714862435592,-2.081091258591415,0.0297
899,4.459714862435592,-2.081091258591415,0.0208
900,0.733074215832471,1.0863818284197626,0.0349
901,0.733074215832471,1.0863818284197626,0.0286
902,0.5158607990173796,-0.6444029541419215,0.025
903,0.5158607990173796,-0.6444029541419215,0.0228
904,1.389935580922796,-0.21887354483212615,0.0248
905,1.389935580922796,-0.21887354483212615,0.0318
906,1.103746053296578,1.224663567266913,0.0331
907,1.103746053296578,1.224663567266913,0.0271
908,4.3730982561355,2.723565541655767,0.026
909,4.3730982561355,2.723565541655767,0.0262
910,-0.6456620415005289,-0.27673640805099553,0.0359
911,-0.6456620415005289,-0.27673640805099553,0.0292
912,-1.4272832895293288,0.4660564808154102,0.0326
913,-1.4272832895293288,0.4660564808154102,0.0291
914,-0.21009417454399362,0.9347320909037062,0.0269
915,-0.21009417454399362,0.9347320909037062,0.0269
916,-1.2875600545528283,1.5399270747066458,0.045
917,-1.2875600545528283,1.5399270747066458,0.0259
918,-1.2473868396293577,1.4343905222331355,0.0295
919,-1.2473868396293577,1.4343905222331355,0.0259
920,-1.9005954524931596,-0.11996661695044168,0.0361
921,-1.9005954524931596,-0.11996661695044168,0.0372
922,-1.5113342612543128,-0.3910315632392526,0.027
923,-1.5113342612543128,-0.3910315632392526,0.0299
924,-1.821708559357999,1.15499766341982,0.0224
925,-1.821708559357999,1.15499766341982,0.026
926,-1.6377186303813143,-1.2614129976990882,0.0242
927,-1.6377186303813143,-1.2614129976990882,0.034
928,-2.0778015004122996,1.9739259091222756,0.0304
929,-2.0778015004122996,1.9739259091222756,0.0435
930,-0.6624223875028113,0.06385859379925465,0.0285
931,-0.6624223875028113,0.06385859379925465,0.0291
932,-1.2060066597985415,1.156632752548599,0.0185
933,-1.2060066597985415,1.156632752548599,0.0204
934,-0.3041290213640011,1.5521203172480487,0.0319
935,-0.3041290213640011,1.5521203172480487,0.0216
936,-0.12468919661094918,2.7513565667167574,0.0209
937,-0.12468919661094918,2.7513565667167574,0.0223
938,0.0672549801088413,1.4047544611659362,0.0216
939,0.0672549801088413,1.4047544611659362,0.0188
940,1.2576613320417305,1.2026104722559023,0.0277
941,1.2576613320417305,1.2026104722559023,0.0265
942,-0.2447309429938669,-2.0836025541003687,0.0247
943,-0.2447309429938669,-2.0836025541003687,0.0296
944,-0.29112728341396066,-0.8184138400713328,0.0284
945,-0.29112728341396066,-0.8184138400713328,0.0239
946,-0.66310521479443,-1.5024489049644074,0.0282
947,-0.66310521479443,-1.5024489049644074,0.0235
948,-0.2510002092784774,-0.7906299252678645,0.0161
949,-0.2510002092784774,-0.7906299252678645,0.0195
950,-0.39974869876750485,-1.1369651616791334,0.0274
951,-0.39974869876750485,-1.1369651616791334,0.0318
952,-0.08328724530547915,-1.3768514788337853,0.0246
953,-0.08328724530547915,-1.3768514788337853,0.0242
954,-0.0022156385419572146,-0.5506377872428436,0.0329
955,-0.0022156385419572146,-0.5506377872428436,0.0253
956,-0.57206647762276,-1.8843160299995918,0.0253
957,-0.57206647762276,-1.8843160299995918,0.0327
958,-0.23173704741432674,-1.9909355976717398,0.0289
959,-0.23173704741432674,-1.9909355976717398,0.024
960,-0.4563467307118171,-1.3933709120998026,0.0308
961,-0.4563467307118171,-1.3933709120998026,0.0228
962,0.5226619101291744,-1.22879537746417,0.0222
963,0.5226619101291744,-1.22879537746417,0.0249
964,-0.6473564874520543,0.029675478163272054,0.023
965,-0.6473564874520543,0.029675478163272054,0.0233
966,0.32470066671311515,-0.9970277821732827,0.0329
967,0.32470066671311515,-0.9970277821732827,0.0418
968,1.296183062842822,-1.088409387154485,0.0267
969,1.296183062842822,-1.088409387154485,0.0341
970,1.366944634428039,0.3415208384512171,0.0274
971,1.366944634428039,0.3415208384512171,0.0297
972,0.22737418444293367,-1.0683429780724913,0.0332
973,0.22737418444293367,-1.0683429780724913,0.027
974,-1.4697299052463655,0.5378501862493754,0.0282
975,-1.4697299052463655,0.5378501862493754,0.0239
976,0.7568651737067393,-1.7801872297610977,0.031
977,0.7568651737067393,-1.7801872297610977,0.0259
978,-0.5162891897676859,1.470126297054005,0.0265
979,-0.5162891897676859,1.470126297054005,0.0224
980,1.4192729029697282,-1.4054563411884022,0.0253
981,1.4192729029697282,-1.4054563411884022,0.0281
982,0.5427978003671392,-0.8286820259381661,0.0351
983,0.5427978003671392,-0.8286820259381661,0.0333
984,1.6193678674306293,-1.3456248690712675,0.0262
985,1.6193678674306293,-1.3456248690712675,0.029
986,0.43531922206279733,-1.1879994280221224,0.0215
987,0.43531922206279733,-1.1879994280221224,0.0213
988,1.6933151480968265,-1.1296783102117935,0.0239
989,1.6933151480968265,-1.1296783102117935,0.0201
990,1.3823243726510772,-1.1675053805006153,0.023
991,1.3823243726510772,-1.1675053805006153,0.0157
992,1.7910176537168996,-0.053055251152710134,0.023
993,1.7910176537168996,-0.053055251152710134,0.0252
994,1.131292106122091,-0.6182273534496322,0.0224
995,1.131292106122091,-0.6182273534496322,0.0189
996,-1.0283858772035837,1.5053743916868594,0.0217
997,-1.0283858772035837,1.5053743916868594,0.0236
998,-2.6636099078823996,-1.0117878515766319,0.0216
999,-2.6636099078823996,-1.0117878515766319,0.0233
1000,0.5481628921921597,0.2488524599071247,0.0242
1001,0.5481628921921597,0.2488524599071247,0.0295
1002,1.9238705598954342,-1.0251013364875003,0.0304
1003,1.9238705598954342,-1.0251013364875003,0.0256
1004,-2.1720967923332166,-0.8512242370186092,0.0221
1005,-2.1720967923332166,-0.8512242370186092,0.0309
1006,2.287134789753386,5.693794999728602,0.0229
1007,2.287134789753386,5.693794999728602,0.0255
1008,0.36932319613250936,3.0825839442776433,0.0239
1009,0.36932319613250936,3.0825839442776433,0.023
