MFCC_1,MFCC_2,MFCC_3,MFCC_4,MFCC_5,MFCC_6,MFCC_7,MFCC_8,MFCC_9,MFCC_10,MFCC_11,MFCC_12,MFCC_13,Chroma_1,Chroma_2,Chroma_3,Chroma_4,Chroma_5,Chroma_6,Chroma_7,Chroma_8,Chroma_9,Chroma_10,Chroma_11,Chroma_12,Spectral_Contrast_1,Spectral_Contrast_2,Spectral_Contrast_3,Spectral_Contrast_4,Spectral_Contrast_5,Spectral_Contrast_6,Spectral_Contrast_7,Zero_crossing_rate,RMS
-97.85504150390624,135.672119140625,9.30363655090332,43.6611557006836,11.701764106750488,8.463287353515625,4.8149261474609375,4.632210731506348,-2.9965527057647705,5.055412769317627,11.722925186157228,-1.3560174703598022,6.663229465484619,0.3550465703010559,0.2807211577892303,0.4138593971729278,0.4897544980049133,0.4323520362377167,0.4891015887260437,0.4152084589004516,0.5962255001068115,0.5118998289108276,0.4364455938339233,0.5220788717269897,0.3540689945220947,22.40447661016053,15.18090233979998,19.46028302274693,18.445573127099088,17.748716733923047,20.00167497847469,48.8074864121506,0.0349225023582623,0.2981238067150116
-57.49171447753906,100.3156280517578,24.473669052124023,19.7025203704834,13.496423721313477,18.41125869750977,2.716806411743164,7.863941669464111,-1.6522514820098877,5.022758960723877,-0.3691520690917969,5.798766136169434,-3.976548194885254,0.3870863616466522,0.3618537485599518,0.3856176733970642,0.3661072850227356,0.4782002568244934,0.3921762704849243,0.2812743186950683,0.2923880219459533,0.3530814051628113,0.5560633540153503,0.3857952952384949,0.2834743857383728,20.995998237161903,16.055847001192667,18.85447497641567,18.56568585400372,18.52319776010806,17.432226022580174,48.26915750456583,0.0578662411716331,0.2549892067909241
-39.40278244018555,65.27989196777344,12.822299003601074,22.8139591217041,2.9819045066833496,7.124956130981445,1.095099925994873,5.395235538482666,-2.6555628776550293,6.9750823974609375,0.7708005309104919,3.355919122695923,-1.1473942995071411,0.4298077821731567,0.4210577309131622,0.3989063203334808,0.5405605435371399,0.4994061887264251,0.5175652503967285,0.5310616493225098,0.5266271829605103,0.6549893021583557,0.5026421546936035,0.4713138043880462,0.386211097240448,19.340803065353523,13.797597202449294,16.896663647104695,16.698401100001426,18.815075861972943,17.664029090340613,47.10298144549901,0.1112684125870743,0.3070389032363891
-78.488525390625,93.7970733642578,9.7254638671875,22.97948265075684,1.061313271522522,9.40754222869873,4.634785175323486,15.64040470123291,-13.076437950134276,1.4261622428894043,0.4609622955322265,5.288909912109375,9.761295318603516,0.6468544602394104,0.5058196187019348,0.4523987770080566,0.5074872970581055,0.5114731192588806,0.5020705461502075,0.4442552030086517,0.4456457793712616,0.427254170179367,0.3931512236595154,0.3577641248703003,0.4229443371295929,22.34098487513666,14.92498015417706,18.34232922589616,17.555878945814833,16.490619480750233,17.438851049733614,48.42729166222754,0.0558707883852554,0.2747888565063476
-57.34347915649414,57.14522933959961,11.92299747467041,18.735708236694336,6.5433669090271,7.913982391357422,-5.598505973815918,8.809514045715332,-4.6770734786987305,7.306396484375,-1.9578113555908203,6.227869033813477,-2.544116497039795,0.5225785970687866,0.4583735466003418,0.3635827302932739,0.3974450826644897,0.3914968967437744,0.4834007620811462,0.4453754425048828,0.3564649224281311,0.3180782496929168,0.2977851927280426,0.3766141533851623,0.4615350663661957,21.16688813662033,16.026787213157096,18.047249063360866,17.637104153569084,18.7209903317481,17.23185251078158,48.2647083516492,0.1531401112185686,0.1572920829057693
32.4298095703125,45.04981231689453,-11.922343254089355,15.327445030212402,2.9123051166534424,13.343132972717283,10.220080375671388,12.013689041137695,0.0435775890946388,7.634807109832764,2.2519118785858154,9.39894962310791,0.7160429358482361,0.4296709597110748,0.4837745726108551,0.4809876084327698,0.6891204118728638,0.5516650080680847,0.5119096636772156,0.4906798005104065,0.4471480548381805,0.4673360884189605,0.4973165690898895,0.593519389629364,0.4657692313194275,21.92705929027889,13.309066169449268,15.99445949377669,17.103633072620585,16.22148154456849,16.652570030234777,47.23766777877151,0.1494741528395897,0.3832122385501861
5.543824195861816,96.79583740234376,-1.808543920516968,28.40503692626953,7.693063259124756,7.052865982055664,5.28828763961792,4.620231628417969,3.9478628635406494,8.39436149597168,0.5576977729797363,6.727850437164307,-2.176395893096924,0.2978007197380066,0.3142602741718292,0.2994344532489776,0.4312584400177002,0.4387030303478241,0.5546752214431763,0.4654044508934021,0.4610837996006012,0.5543448328971863,0.5279598832130432,0.5266069173812866,0.307856947183609,19.97541578965256,14.076271922391909,17.14076298565884,17.162865111454494,17.36239755119796,17.848003658696502,46.90939072698734,0.0656494518551664,0.4269578158855438
-114.3394775390625,92.57791900634766,23.610620498657227,20.727554321289062,6.6988935470581055,1.7200804948806765,-11.216739654541016,8.023093223571777,-10.07862377166748,2.995737075805664,-1.819668650627136,-3.285845994949341,2.3639912605285645,0.3403317928314209,0.294837087392807,0.4502690136432647,0.3528313040733337,0.2866710126399994,0.3861777484416961,0.2580561339855194,0.3252899944782257,0.295343816280365,0.494293063879013,0.5666064023971558,0.3168560862541199,16.531800431864163,15.116120195289731,20.61028795125865,21.189968678811645,20.26231469923466,20.395201734804203,47.916980438413695,0.0784269634046052,0.1801701784133911
-31.67253494262696,89.08383178710938,-18.29635429382324,31.963579177856445,-2.865620374679565,-1.935907244682312,-0.6056996583938599,3.865989208221436,3.561861753463745,6.73186731338501,-6.315871715545654,-4.257024765014648,-4.0543365478515625,0.3987190127372741,0.4630994200706482,0.2934635877609253,0.2457838952541351,0.2974206209182739,0.5401780605316162,0.4061086177825928,0.3011862337589264,0.3406647443771362,0.4699137210845947,0.6359220743179321,0.3619027137756347,23.274671700662424,15.507405391810078,18.04635913033912,19.3090410610563,18.4274231703683,20.37399462200884,48.80917802431333,0.1387663566660216,0.2320569157600402
7.649178504943848,71.73919677734375,-0.5252085328102112,21.67213249206543,3.606880187988281,10.07861614227295,0.1232095584273338,9.01822280883789,3.0561611652374268,2.394944906234741,-0.7480655908584595,6.998151779174805,-4.838329792022705,0.4035888612270355,0.37021005153656,0.416585236787796,0.5360645055770874,0.6372280716896057,0.5319159030914307,0.5357794165611267,0.5597754120826721,0.559811532497406,0.4592006206512451,0.387175440788269,0.4468846321105957,21.76640076081841,13.99573107726348,16.60648896414552,15.964208488846282,16.15793432761715,15.949980073740898,46.80952501090042,0.1344254336919729,0.2799937725067138
-52.23705291748047,79.90232849121094,8.061502456665039,15.49132251739502,5.702861785888672,8.641509056091309,1.9041283130645752,3.8505043983459473,-3.5423505306243896,2.176554203033448,-2.876178741455078,3.909882545471192,-1.9525796175003047,0.4796217679977417,0.3904839754104614,0.3592476546764374,0.3759002089500427,0.4253528714179992,0.531857430934906,0.4832351803779602,0.4483234286308288,0.3810208141803741,0.3248621821403503,0.3129665851593017,0.353177547454834,22.210899196260648,14.93252189747632,17.817606844819842,17.00524544155073,17.696441791193195,17.696333430884447,47.28898365106434,0.117567127334075,0.2544925212860107
-53.576053619384766,82.28082275390625,14.645584106445312,16.79533576965332,5.52660083770752,8.923426628112793,6.921482086181641,13.611564636230469,2.3777403831481934,16.8127384185791,5.755014896392822,3.267208337783813,1.2239753007888794,0.4387482702732086,0.4694217443466186,0.4286123812198639,0.5278060436248779,0.4901998043060303,0.537301778793335,0.5723687410354614,0.5067192912101746,0.5641552209854126,0.5144041776657104,0.6581729650497437,0.5458128452301025,22.798086090613182,13.983845633949944,17.167240029059208,18.25686053263506,18.328435136279253,18.31554758390928,47.443079770265086,0.0759852514506769,0.3179967105388641
-131.40809631347656,100.7898178100586,-19.093807220458984,28.79638290405273,-19.905147552490234,3.9380886554718018,-10.452993392944336,2.325793504714966,-9.817276000976562,0.0591892264783382,-6.469300746917725,1.4194345474243164,-6.490978717803955,0.4420053958892822,0.4460950791835785,0.4267020523548126,0.4990833699703216,0.3991698324680328,0.3666287958621979,0.3439304828643799,0.3839202225208282,0.3705235719680786,0.3384873569011688,0.3755293488502502,0.3544287085533142,20.77719956812488,14.969360430109804,16.53233316809647,17.958950322950454,18.16473439339084,18.757774736439355,54.35230191176024,0.1107102650507736,0.0969898775219917
-47.47538757324219,77.2680892944336,16.189897537231445,20.460664749145508,4.5335540771484375,15.01345157623291,2.0249836444854736,5.579668521881104,0.6878587007522583,2.9737110137939453,-3.89948844909668,6.673773765563965,1.535606026649475,0.4847798645496368,0.3749758005142212,0.4302413165569305,0.4711116254329681,0.3564712703227997,0.3347340822219848,0.3585851788520813,0.5603933930397034,0.5771012902259827,0.4629652202129364,0.4264585971832275,0.3848352432250976,20.35074891284046,14.619855355289964,18.28413574738661,16.846044170374157,17.15524121950052,17.44635765397292,46.350830666042434,0.1204559987543537,0.2362079620361328
-87.5676498413086,77.3292007446289,-23.261829376220703,26.59564781188965,-11.366695404052734,9.184652328491213,-7.084749221801758,-0.0459454879164695,-9.345741271972656,2.969303607940674,-3.5674796104431152,1.7669622898101809,-2.3381378650665283,0.4434667527675628,0.4896683692932129,0.4750254154205322,0.411823958158493,0.4496680200099945,0.3123120665550232,0.3801963329315185,0.4203393757343292,0.3550635576248169,0.3847551941871643,0.3195089995861053,0.3204773366451263,21.46735620979,15.393933813594256,17.726020984976444,17.004564045071337,17.438188449514634,17.945820896780933,48.04346069615866,0.1145229280548568,0.1368404924869537
-123.77377319335938,102.73650360107422,6.210764408111572,46.22039031982422,4.712266445159912,26.55791664123535,1.7832473516464231,13.961820602416992,2.8178586959838867,1.78851318359375,-1.9306495189666748,2.534995555877685,-2.85022234916687,0.3785293102264404,0.2895703017711639,0.3681031465530395,0.3596639335155487,0.2546469867229461,0.2637596726417541,0.3739810287952423,0.5892623662948608,0.4841604828834533,0.3615721762180328,0.2833149433135986,0.2781666219234466,22.3049582573334,17.20476660981462,21.029750036099525,19.24822227872629,18.4134993880896,17.447350409946406,50.70148623648293,0.0642989309210526,0.177917018532753
-195.4809112548828,90.7147445678711,-5.239912033081055,34.78950881958008,8.747220039367676,18.12484359741211,0.1476431488990783,2.1520092487335205,-2.770915031433105,2.9407010078430176,-3.8931071758270255,2.902348279953003,-5.97159481048584,0.3075264096260071,0.2160905003547668,0.2571542263031006,0.3151036500930786,0.4895177185535431,0.316222071647644,0.3162963390350342,0.4217753708362579,0.3648377656936645,0.5290035605430603,0.3569706082344055,0.4459605515003204,21.482342458495346,17.208935050194007,19.86002090788502,19.12311961843108,19.19811140576348,17.89360556621734,47.60040504537648,0.1029891731569272,0.0424471125006675
-50.26481246948242,72.19296264648438,-29.40199851989746,22.437036514282227,2.194993495941162,8.166864395141602,2.1513335704803467,8.434969902038574,-6.284096717834473,8.009692192077637,-1.7404581308364868,1.1948269605636597,-1.9716544151306152,0.4881197214126587,0.4964194297790527,0.4715650677680969,0.4576991498470306,0.4641954302787781,0.4510379433631897,0.4476613998413086,0.4829086363315582,0.4631963670253753,0.4027366042137146,0.4070508182048797,0.3937596976757049,23.767409683946155,15.643856703744964,17.827318913207566,16.875192580456392,16.548707186640534,18.12934559676421,47.91151134294135,0.1105429823553599,0.2352931797504425
-83.2851791381836,113.51575469970705,4.996049404144287,16.603757858276367,3.8139071464538574,1.872961163520813,7.602797031402588,1.553494215011597,-12.664411544799805,5.643007278442383,-6.566421508789063,-0.3786129057407379,-4.613531112670898,0.310322105884552,0.3627176880836487,0.2991318702697754,0.3121519684791565,0.2123219221830368,0.2964204549789428,0.3110836446285248,0.2307893931865692,0.371128112077713,0.3212383687496185,0.5303693413734436,0.3648308217525482,24.965729292886287,16.982267398306103,20.878898722013822,20.334736752973075,18.55336490854019,20.816170526957468,48.43120054675244,0.0599832265473887,0.2746575772762298
-52.38578414916992,122.27845764160156,-3.367862701416016,28.96438980102539,-2.7577717304229736,12.880186080932615,-0.6723755598068237,6.050927639007568,2.5146541595458984,4.528339385986328,-2.243858337402344,3.15411114692688,-2.2817068099975586,0.2879633009433746,0.2151089459657669,0.2637673914432525,0.3300533890724182,0.3945137560367584,0.3407045304775238,0.498360276222229,0.4620142579078674,0.3767583668231964,0.4114166796207428,0.4286133646965027,0.5295243263244629,19.163249561563,16.4005874095777,19.27443691365417,18.06488601465044,17.354543255780293,16.908439438895286,48.38182632187152,0.0555342949105415,0.3392339646816253
-33.524539947509766,76.76764678955078,1.7415765523910522,7.566177845001221,-2.5490238666534424,12.968365669250488,2.21175217628479,7.526287078857422,-2.3515329360961914,5.891833305358887,0.3481495678424835,4.041468143463135,0.3514785170555115,0.3896743357181549,0.3671804666519165,0.3831444978713989,0.3545551896095276,0.4588330686092376,0.4362470805644989,0.3134022653102875,0.384838342666626,0.4039086997509002,0.4906508028507232,0.4737115204334259,0.3906078040599823,21.385599895283665,16.252604160344735,19.63530336262848,17.691311719105638,17.817766045271718,16.801821338549782,47.745206739248985,0.1052846997145897,0.2685105502605438
-111.10054779052734,86.56591033935547,-18.262910842895508,27.967283248901367,-5.927431106567383,4.911643028259277,4.078481674194336,1.6532280445098877,-10.444815635681152,5.769057273864746,-7.352464199066162,3.0943408012390137,-2.820192813873291,0.3558995425701141,0.3747628629207611,0.3705171644687652,0.3833464980125427,0.3460890054702759,0.3501125276088714,0.2427419424057006,0.2942723035812378,0.3201510906219482,0.3182714283466339,0.3684857785701751,0.3066057562828064,19.66544982812764,17.24330097647751,19.82075641154065,20.73974631445016,20.45021571377456,21.670534234422902,50.97367264730428,0.1284782480529218,0.1369808316230774
-187.3103179931641,127.16561889648438,0.4862901568412781,31.25824737548828,7.134389400482178,7.92179012298584,-1.977446794509888,-2.3329427242279053,-14.704726219177246,-7.593719959259033,-2.8860456943511963,-7.355096817016602,-7.335975170135498,0.4394609630107879,0.282325804233551,0.3318884670734405,0.2826080918312073,0.3552537262439728,0.2198492288589477,0.2271156907081604,0.3399083018302917,0.3512491285800934,0.4732497036457062,0.3182879686355591,0.3952263593673706,23.141547293607783,19.016325196707108,22.2899402397844,20.049641450321783,20.09302136630486,21.209101935366338,48.41919841785553,0.0596115065063854,0.1018001437187194
-95.89215087890624,120.56814575195312,-2.098507642745972,19.21959114074707,0.6254701614379883,6.894111633300781,4.543397903442383,2.0374505519866943,2.172850608825684,5.985589504241943,-1.4275500774383545,1.8654435873031616,-4.4744720458984375,0.4134986400604248,0.4259302914142608,0.458899050951004,0.3745239377021789,0.4134633839130401,0.3655513226985931,0.5126279592514038,0.4308728277683258,0.4368833601474762,0.5069432854652405,0.4614461064338684,0.5868057012557983,22.327265636934484,15.152970748296877,17.32911396412084,18.071295332306125,18.77012535473072,19.396861643441607,47.30797933792586,0.0608802063177244,0.2619300782680511
-13.19444751739502,77.05165100097656,-9.954401969909668,22.390352249145508,2.194865465164185,11.908528327941896,-9.650567054748535,14.595261573791504,0.5534344911575317,6.490701675415039,5.133802890777588,4.502594947814941,-3.9311602115631104,0.3857636153697967,0.3658286929130554,0.524983823299408,0.4109132885932922,0.4883854687213897,0.3986907005310058,0.4353455007076263,0.4916014373302459,0.4523749649524688,0.5160242319107056,0.3548393249511719,0.4022704660892486,18.94921213235224,13.711728072994614,16.680801264943238,16.991769649676208,19.50515245329194,18.55857972683564,51.83178966625864,0.1463556909708784,0.2354810237884521
-58.67137908935547,123.64582824707033,-16.761749267578125,13.630499839782717,12.786808967590332,14.40227222442627,-1.2609959840774536,5.257537364959717,1.8652052879333496,3.841495275497437,0.7654410600662231,1.572051167488098,0.2542206346988678,0.3309798240661621,0.255497545003891,0.3627136945724487,0.4558866024017334,0.4191907346248626,0.501633882522583,0.4369489848613739,0.488730788230896,0.393726110458374,0.3358647525310516,0.4399023354053497,0.3218170702457428,18.687267726093587,14.77232453244796,17.202667238928694,17.136577757924687,19.622430701417223,16.663543549653568,45.83644927797435,0.081203212678986,0.2460957765579223
-151.2698516845703,104.18602752685548,-19.30743789672852,22.403091430664062,-10.104351997375488,5.410612106323242,-12.293949127197266,-1.9066588878631592,-6.024167537689209,-4.658579349517822,-11.270660400390623,-1.2797470092773438,-6.363400459289551,0.2895123064517975,0.2796345055103302,0.4504506587982178,0.2388829588890075,0.1869924515485763,0.2502910494804382,0.2668279707431793,0.4409794807434082,0.2518137693405151,0.2834030091762543,0.3280496001243591,0.2143437266349792,20.836274841316843,17.310849055501617,20.86360311237048,20.626201064761627,21.661735881412145,21.090986422649102,52.123404230638194,0.0945270172213622,0.1065180599689483
-52.44052505493164,102.95965576171876,-5.989217281341553,10.028669357299805,12.22116470336914,11.716184616088867,3.9378855228424072,5.436304569244385,-0.542482852935791,7.088325023651123,-1.0396525859832764,-1.7458699941635132,-3.969494581222534,0.3698074221611023,0.4557612836360931,0.4779973328113556,0.4832307398319244,0.4743520617485046,0.4996317923069,0.4160612225532532,0.3975666165351867,0.4276371896266937,0.40601846575737,0.4796274304389953,0.3497277796268463,20.791917077212823,12.039273425104245,15.160840994347792,17.882382477363493,20.317612381382872,17.350616914607887,48.24551226204712,0.0969689903613583,0.2272025942802429
-75.35258483886719,106.7015380859375,17.704439163208008,27.18474578857422,-2.34248685836792,17.47426986694336,-6.232566833496094,5.3533034324646,-8.25735092163086,10.124248504638672,-2.4552462100982666,-1.0221761465072632,-2.2439327239990234,0.3466807305812835,0.5153239965438843,0.3465445935726166,0.4534945785999298,0.3961082994937897,0.3842867314815521,0.4037283658981323,0.3526639342308044,0.4665251970291137,0.3928045928478241,0.3857899606227875,0.2919652462005615,21.425413797501253,14.40230994377211,19.156743744253376,20.16451583619753,20.67248690802517,18.31492824988519,47.75523490885384,0.0761881258465557,0.2210965156555175
-109.40996551513672,82.0362319946289,5.910411357879639,22.7353572845459,0.5548557043075562,15.883244514465332,-0.6736152768135071,6.490659713745117,-1.653722047805786,7.730600357055664,9.142376899719238,8.211544036865234,0.5822880864143372,0.2661073803901672,0.3155974745750427,0.5035439729690552,0.3805770874023437,0.4730425775051117,0.3397195637226105,0.4726410508155823,0.3518104553222656,0.322301834821701,0.4684545993804931,0.3381008803844452,0.4107288122177124,18.984330964209214,15.833080345488089,19.15134626120455,18.800659848721303,16.949379052504735,16.280712153227462,47.45984802857155,0.1079677900662732,0.1121844798326492
-40.09710693359375,80.02474212646484,-13.11550235748291,4.609988689422607,-11.148038864135742,-1.724675536155701,-12.517578125,3.05361557006836,-9.75184726715088,3.0449142456054688,-6.797336101531982,1.929764032363892,5.96955156326294,0.4650154709815979,0.3987737596035003,0.3215772807598114,0.268323004245758,0.255629301071167,0.2302224189043045,0.2452740967273712,0.3841696381568908,0.3742584884166717,0.2662965953350067,0.2681876718997955,0.3595114648342132,19.798866467459806,16.01383677393286,20.584700622900726,20.21581391086401,19.25409871287329,19.08357117696749,48.89155174175204,0.1108993671995936,0.2701692581176758
-65.03292846679688,96.4585952758789,17.194042205810547,22.68867874145508,5.7564616203308105,5.262514114379883,-1.9003926515579224,1.435551404953003,-2.082462787628174,0.978047013282776,-3.934069156646729,0.7301654815673828,-8.954429626464844,0.3939185738563537,0.3824470341205597,0.5021083354949951,0.3645018935203552,0.3033361434936523,0.3409812748432159,0.345748633146286,0.5691785216331482,0.4219051897525787,0.4300499856472015,0.4874416887760162,0.3763428330421448,23.1716834114189,16.581149146206602,17.817201071264385,16.909986421690974,16.94820073259582,17.45524923685531,46.48802211845418,0.0918165271865325,0.3065563440322876
-201.5674591064453,101.90943908691406,-21.816131591796875,10.098665237426758,-5.911107063293457,-2.946667432785034,-14.691170692443848,2.869187116622925,-11.841455459594728,-1.1359776258468628,-5.776186466217041,-0.6101805567741394,-3.660511016845703,0.475811094045639,0.385356068611145,0.2489611208438873,0.2691924273967743,0.3840503990650177,0.5133154392242432,0.4416292309761047,0.2892110347747803,0.2247470617294311,0.2245510071516037,0.2708088457584381,0.3405041694641113,19.82074818264116,15.262054343363738,17.989004452149228,18.11732931884385,18.72068064177291,17.711956245944766,48.58777924163002,0.1001569907362616,0.0479603894054889
0.4466564059257507,74.71771240234375,-8.806500434875488,20.5179443359375,4.64327335357666,11.39680290222168,-0.7089282274246216,4.690142631530762,-6.3744635581970215,1.8296911716461184,-1.614419937133789,3.9094083309173584,-2.186426877975464,0.4138578176498413,0.3502288162708282,0.5276430249214172,0.4170060753822326,0.4285886287689209,0.3688492774963379,0.5187655687332153,0.6934261918067932,0.4581675827503204,0.4165072739124298,0.4158775806427002,0.5522450804710388,18.5099510921318,15.525804868616566,17.911833569871447,18.26528646974109,18.835224045942912,17.404630792070265,47.92632776084642,0.1158086345660797,0.3153118789196014
-103.56388854980467,97.08619689941406,31.48122978210449,28.83326530456543,15.647947311401367,8.583762168884277,4.638936519622803,6.652368068695068,6.336025238037109,3.497434616088867,-0.4673032462596893,-3.74209976196289,-5.5641045570373535,0.4010694622993469,0.3345228135585785,0.4676953554153442,0.5956403017044067,0.4886921644210815,0.4289934933185577,0.3377276659011841,0.4285275042057037,0.4163317084312439,0.3634390532970428,0.3295585811138153,0.3014170825481415,21.70510853545631,15.818054574740264,18.27447080927927,17.626634018421367,17.100861112051984,16.96400748105212,44.84628018971552,0.0641902770051277,0.2292934656143188
-71.86288452148438,101.04901885986328,-14.608359336853027,6.19974422454834,-3.8309249877929688,-6.616328239440918,0.4727392196655273,8.591291427612305,1.2566288709640503,6.740350246429443,-6.183326721191406,7.564306259155273,-3.1348683834075928,0.3642590939998626,0.3900967836380005,0.3647474646568298,0.3057496845722198,0.2826083898544311,0.4986920952796936,0.3929945230484009,0.2932518422603607,0.3856563866138458,0.4246479570865631,0.5602182149887085,0.4430033266544342,21.741906275738742,15.205658296663133,19.18288683967366,19.34584054058688,18.54575950525127,20.46139319068155,48.58658368883123,0.0832905016447368,0.2278610318899154
-74.03065490722656,103.73503112792967,-1.2150118350982666,6.70591926574707,3.467477560043335,0.6585359573364258,-10.373093605041504,11.424419403076172,-25.771839141845703,3.498502492904663,1.554762601852417,-3.814674139022827,-3.4827005863189697,0.603606104850769,0.3765446245670318,0.2883697748184204,0.3185291886329651,0.3826794326305389,0.3606184124946594,0.3168055415153503,0.4919587075710296,0.4085143804550171,0.2838023900985718,0.3136655688285827,0.3675148487091064,22.231239552970948,15.61061954225436,19.74960646267484,19.85873619671624,19.490506946645823,20.78312682576155,49.763338231855,0.0822265625,0.2515888512134552
-71.97434997558594,79.14917755126953,24.849380493164062,9.814684867858888,11.822038650512695,10.84348964691162,1.09250009059906,9.806086540222168,-5.153108596801758,8.271750450134277,0.7030149698257446,4.223352909088135,1.1692765951156616,0.4943573772907257,0.533052921295166,0.5188652276992798,0.5191739797592163,0.5662257671356201,0.5728973746299744,0.5332096815109253,0.5005426406860352,0.5404017567634583,0.5494503378868103,0.52051842212677,0.5212797522544861,22.69063819924075,15.123621065381414,18.125837587669043,17.279426615055662,17.613337866113433,17.917155425637443,46.83795000661265,0.0737750640963622,0.3218674659729004
-8.897025108337402,63.684608459472656,-26.56577682495117,4.873892784118652,-12.182833671569824,-3.663099527359009,-10.780841827392578,6.438541412353516,-6.78331184387207,7.194564342498779,-6.375293254852295,-3.5829594135284424,-5.589041233062744,0.2243200540542602,0.3850715458393097,0.2472231537103653,0.162115603685379,0.261491060256958,0.1961523294448852,0.3985760509967804,0.1898544579744339,0.3109387755393982,0.3924430608749389,0.2492384314537048,0.3431586921215057,15.965483136332368,16.609043557815625,20.568549943692577,20.22386694085217,19.97541943129654,19.2555630335739,50.69922220139223,0.1521330558847716,0.2487591952085495
-120.64434814453124,79.70330810546875,-18.652788162231445,30.433427810668945,2.10680627822876,8.110325813293457,-8.411107063293457,7.463253498077393,-4.304013252258301,-0.0697921887040138,-0.4514985978603363,0.7232088446617126,-1.1426876783370972,0.3860096037387848,0.4238172471523285,0.5296809077262878,0.512416660785675,0.4506434798240661,0.3791393637657165,0.4625817239284515,0.441655546426773,0.4174848198890686,0.5679264664649963,0.4206019937992096,0.3855376541614532,17.19713855670994,14.47701273378206,17.36259898319967,16.45297666084605,17.671893065463713,16.639014025055545,46.89407000908029,0.1511375970515673,0.0758843868970871
-25.04268264770508,74.57160186767578,5.278144836425781,39.99943542480469,10.489824295043944,7.605254173278809,3.9424562454223633,9.945158004760742,-0.186586320400238,7.031137943267822,0.1414956450462341,5.705591201782227,0.6129491329193115,0.3356244266033172,0.4400399029254913,0.4651792049407959,0.4511374235153198,0.5307686924934387,0.4220233857631683,0.3627784848213196,0.3322926461696625,0.398725152015686,0.4549454748630523,0.3373270034790039,0.3672959804534912,21.26880684901541,15.131504217389573,17.947043842957868,17.067293001325012,16.99796991589159,17.52980581761844,46.00879841542879,0.1050564320094814,0.2622272670269012
-28.98223114013672,86.11274719238281,-1.2839313745498655,25.139862060546875,10.738970756530762,9.06894874572754,3.39623761177063,11.236553192138672,-3.2791049480438232,8.537059783935547,-1.2088884115219116,3.777479410171509,2.9040186405181885,0.3459428548812866,0.4703234434127807,0.299764335155487,0.3157992362976074,0.4305338263511657,0.3687300980091095,0.433034747838974,0.3973343670368194,0.5455114245414734,0.6233439445495605,0.4293693900108337,0.3882748484611511,21.31704879639349,15.75260365379515,17.846058629478783,17.08421791328111,17.951883556217233,17.984178756305987,47.14125801448887,0.0927639893333978,0.2545768320560455
-97.68185424804688,92.560302734375,20.576351165771484,36.29098510742188,19.225854873657227,19.60366439819336,9.808812141418455,13.874462127685549,3.586359977722168,7.344011306762695,0.4346990883350372,5.136146545410156,1.365303874015808,0.4791140258312225,0.4953575134277344,0.5766509175300598,0.5943318009376526,0.5548194646835327,0.6106907725334167,0.6113612651824951,0.5552863478660583,0.579771876335144,0.6279498338699341,0.5418009757995605,0.457293301820755,22.18598461231656,14.16413882251489,16.80197101564458,16.346637963216715,17.09517911261817,17.67237550734834,45.61208968082243,0.0596615817893769,0.3192356526851654
-1.3755561113357544,65.24493408203125,-10.772930145263672,28.7386417388916,1.4584832191467283,22.390010833740234,2.0009565353393555,8.687784194946289,-1.6781574487686155,6.752926349639893,0.0663603469729423,7.871809482574463,-0.6549701690673828,0.5859853625297546,0.5296306014060974,0.6107057332992554,0.5030677914619446,0.4738152325153351,0.5432131886482239,0.4786103665828705,0.5123913288116455,0.4612644612789154,0.5799710750579834,0.4958242177963257,0.463381677865982,16.094761997850068,12.500307084077178,15.768851444861893,15.441565886730215,15.065842509785432,15.25323699601333,48.69638915372644,0.137737246131528,0.2522754669189453
-32.76713562011719,89.57643127441406,5.325285911560059,21.551973342895508,1.0374042987823486,3.704912662506104,-9.34809112548828,1.9471405744552608,-0.4793804287910461,8.561347961425781,2.336439847946167,9.005311965942383,0.4116981923580169,0.4013676047325134,0.5717892646789551,0.6232243180274963,0.5665550827980042,0.4522476494312286,0.3210572898387909,0.3603505492210388,0.4224597513675689,0.3820854723453522,0.3283857405185699,0.3143261671066284,0.3268780410289764,21.160572406070905,15.941026588490578,18.9183754060643,18.26111420949279,18.521391826031444,17.8938333228933,47.77866428052659,0.0749392671850812,0.3484738767147064
-0.0983947217464447,90.62753295898438,-12.672680854797363,22.40755844116211,0.4818468689918518,9.341730117797852,-5.490591049194336,3.233055353164673,0.5994007587432861,10.460454940795898,4.537220478057861,8.770910263061523,-1.6526974439620972,0.3248491883277893,0.5506088733673096,0.5333768129348755,0.4462982714176178,0.530873715877533,0.5702072978019714,0.6771627068519592,0.428301066160202,0.4278929233551025,0.4571338593959808,0.3582875430583954,0.3407363891601562,22.14539299519849,13.447832028665651,15.882746069510157,15.777270210123408,15.823380833343286,15.77149100786692,47.8967075022727,0.0864365521599264,0.3075158894062042
-50.53435897827149,91.20391082763672,-8.848918914794922,23.73823356628418,-3.776205778121948,7.043561458587647,-6.969479560852051,1.1034996509552002,-3.922772169113159,-1.326794147491455,-5.8867692947387695,0.8630401492118835,-7.163273334503174,0.3459481298923492,0.3776496946811676,0.2816397249698639,0.3524967133998871,0.4607051312923431,0.3294659852981567,0.4204888939857483,0.3306934833526611,0.4002483785152435,0.3176741302013397,0.3080458343029022,0.4907870590686798,24.035351268338257,14.796655859942764,18.1282698871421,18.525397541151147,18.07672659902068,17.67887431767886,47.368979835339786,0.1150448447779605,0.1622260808944702
-18.129467010498047,115.07394409179688,-28.12622833251953,33.72389602661133,1.3287361860275269,13.489139556884766,5.266110897064209,10.00070858001709,5.390106678009033,6.527564525604248,2.5236027240753174,5.494014739990234,2.3314523696899414,0.6026017665863037,0.3676769435405731,0.3351277112960815,0.3881328701972961,0.5135823488235474,0.6605309844017029,0.427240788936615,0.5671513676643372,0.6148133873939514,0.4895357191562652,0.4844520986080169,0.4383793771266937,16.0062454559584,14.1351552745681,16.733208646330308,16.19577435305442,16.86996769990626,20.247072888532504,50.08319050476234,0.0818146980214783,0.2622263431549072
-64.32182312011719,104.17874145507812,3.1284284591674805,11.456098556518556,3.967942476272583,19.014902114868164,1.134499192237854,14.467546463012695,0.5185546875,11.73484706878662,1.634384274482727,6.907908439636231,-3.5810770988464355,0.303503543138504,0.3418542146682739,0.5047670006752014,0.3658612668514251,0.4318854212760925,0.3991774916648865,0.4863022863864898,0.4644365906715393,0.4333934485912323,0.4771792888641357,0.3910026550292969,0.3952313065528869,23.22224924055204,16.17436704688,19.093758210831908,20.08352133255679,19.823704395212065,16.96920317615208,47.93425260749575,0.0733037895462461,0.2877958714962005
-27.042953491210938,101.46135711669922,-8.420782089233398,28.240398406982425,4.108110427856445,10.333396911621094,-7.488583564758301,8.008146286010742,2.284196376800537,3.0107595920562744,-1.7552697658538818,3.04397964477539,-2.1568965911865234,0.2368610501289367,0.3324436843395233,0.4856077134609222,0.3376229703426361,0.4547995924949646,0.3114533722400665,0.3815422356128692,0.3311486840248108,0.3332342505455017,0.5102408528327942,0.2848615646362304,0.3858813047409057,20.60809665057483,15.602373105870756,20.4188927768843,20.850562570054343,21.33365443028245,19.26434298077947,49.65738657840644,0.1005753555534055,0.2353578954935073
-81.18360900878906,61.947792053222656,15.621859550476074,56.16532897949219,4.62711763381958,20.660043716430664,1.9639880657196045,15.045634269714355,3.4141829013824463,9.563133239746094,1.7165054082870483,7.98947811126709,1.0445326566696167,0.7946021556854248,0.6157735586166382,0.4126714766025543,0.2973319888114929,0.2546366751194,0.2519754767417907,0.2839266061782837,0.3391605019569397,0.3271067440509796,0.3726139962673187,0.5222814679145813,0.6944459676742554,23.357484417539307,15.970079376781213,19.698772977545,18.59076738634783,17.52589837170778,17.193298237955112,49.72675338981255,0.0710809054642166,0.2838456332683563
-45.88885116577149,77.19425201416016,-3.278986930847168,29.400087356567383,13.04238510131836,15.831719398498535,1.899768948554993,12.784680366516112,-4.47001314163208,6.333817481994629,0.4427850246429443,8.394128799438477,3.444277286529541,0.5870829224586487,0.5047882795333862,0.4173852205276489,0.4237000942230224,0.4931068420410156,0.5020281076431274,0.4640196859836578,0.4911561012268066,0.5142743587493896,0.5609126687049866,0.5689354538917542,0.5836758017539978,20.86518317892232,15.03486667276768,18.603092232613648,16.050396494462728,17.68813301179582,19.45351644896542,48.54984961463416,0.0996169335332817,0.30953449010849
-73.06724548339844,105.40477752685548,-6.131730079650879,57.74958419799805,22.875394821166992,9.53982925415039,5.672844886779785,3.9162793159484863,1.4476488828659058,1.8164653778076167,-4.31571102142334,-0.3559918999671936,-4.921000480651856,0.3488937616348266,0.2606447637081146,0.2528321743011474,0.45839324593544,0.545913577079773,0.4661956429481506,0.4633567631244659,0.4678558707237243,0.5914774537086487,0.475822389125824,0.4055072367191314,0.522526204586029,18.57955509090446,16.104934683993022,20.677795402499022,19.773555794717783,19.55540468354056,22.325238499388,48.738359523350006,0.073443055521962,0.2914308607578277
-27.5232162475586,89.39950561523438,6.853170394897461,13.311685562133787,5.354227066040039,-2.483814477920532,1.4850585460662842,2.9675052165985107,-8.989556312561035,10.804780960083008,-2.865269422531128,1.6933144330978394,2.132819652557373,0.4153264164924621,0.3730894327163696,0.4242419898509979,0.4045919775962829,0.3323923051357269,0.3809678256511688,0.3892942368984222,0.5116080641746521,0.5130491256713867,0.4082549214363098,0.357014387845993,0.3442555963993072,21.196420702405472,15.807184696286342,17.86452580201793,17.22733071042685,17.537635265550524,19.61307274189849,46.28403889917724,0.0890400220623791,0.3151041269302368
-150.5019073486328,65.75260925292969,-9.88878059387207,29.382156372070312,1.197834610939026,12.18496322631836,-1.96632981300354,6.6359543800354,-6.403494358062744,1.232294678688049,-5.72607946395874,5.239262580871582,-5.15802001953125,0.5123379230499268,0.3469857573509216,0.4040477871894836,0.5214457511901855,0.3290652334690094,0.3020697832107544,0.3067372441291809,0.4395530521869659,0.356092244386673,0.2518972158432007,0.2943640351295471,0.3472406566143036,22.59647432467341,18.87864771655359,21.66327776807456,19.768025417265992,18.78580406829929,19.23198137202664,48.54053926447748,0.1267246683315596,0.090665765106678
-49.59529876708984,140.7054901123047,-5.068580627441406,26.34329414367676,7.090478897094727,14.017754554748535,1.8210105895996087,8.216609001159668,-0.9138395190238952,5.677090167999268,0.8236754536628723,4.805840969085693,-1.2453683614730835,0.8687153458595276,0.4271287024021148,0.2918655574321747,0.2642650902271271,0.3656118810176849,0.4133513271808624,0.3187898099422455,0.5740107297897339,0.3894768953323364,0.2674671709537506,0.2120276540517807,0.4133468568325043,22.662360417161054,14.30399192264983,18.13987483459904,17.76334567991337,18.038584511691862,18.822471348895736,49.06534945158011,0.0556410089734907,0.2539347112178802
-136.3719482421875,138.7829132080078,-35.03432083129883,36.33399200439453,-4.255325794219971,12.288884162902832,-4.519175052642822,6.245474815368652,-1.205479860305786,3.1500611305236816,-2.007385015487671,-0.2393161505460739,-1.4339908361434937,0.5347939133644104,0.3075707256793976,0.3066930770874023,0.2837021350860595,0.2831750810146332,0.493013322353363,0.3741238415241241,0.6637730598449707,0.3865406513214111,0.2243141233921051,0.2311548292636871,0.2497188001871109,24.444377457485324,20.428450040294525,21.11661462380096,19.92954207480462,19.53526614717444,21.382376228989365,51.47752722433137,0.0682849234471749,0.1094889715313911
-90.4296417236328,92.74768829345705,5.158461570739746,17.02182388305664,3.3608593940734863,5.137184143066406,3.0888993740081787,4.110062599182129,-6.809386253356934,4.353517055511475,6.424726486206055,3.654152631759644,1.2665778398513794,0.4742750823497772,0.3852768242359161,0.4130697548389435,0.4749858677387237,0.5362545847892761,0.5158734321594238,0.5310889482498169,0.4587265253067016,0.4280683398246765,0.4256683886051178,0.4939554035663605,0.5894829034805298,19.270649895672896,14.485783479688216,16.941958781564434,16.034757281941136,16.679847496415675,17.263656254026035,46.34478632759903,0.085041215848646,0.2269840985536575
-92.91829681396484,97.3139190673828,9.88985824584961,26.869373321533203,7.5151448249816895,18.56961441040039,-0.9285463690757751,8.558517456054688,-7.055045127868652,7.758265972137451,0.053101647645235,2.1162259578704834,-1.0809438228607178,0.3743630647659302,0.4464485943317413,0.4598627686500549,0.3963863551616668,0.413816899061203,0.3943561017513275,0.5291363596916199,0.3732706904411316,0.3590990304946899,0.4803843200206756,0.434180200099945,0.446501225233078,20.365125078109333,15.017253812376897,18.246724169236145,18.048888947855986,18.27615475408613,16.893946546745937,48.41611677302422,0.0939151539522058,0.1234982758760452
-43.14489364624024,91.07327270507812,10.000754356384276,10.073083877563477,-4.074272155761719,1.0730998516082764,-5.429518222808838,1.3400803804397583,-0.4763051271438598,3.715301513671875,-2.0704312324523926,0.627525806427002,-1.8992451429367063,0.576943039894104,0.3309463262557983,0.2622635960578918,0.2940329313278198,0.3507786095142364,0.4051913917064667,0.3609216511249542,0.4926300048828125,0.369701474905014,0.2230398952960968,0.2609144449234009,0.333368718624115,20.86420159274072,15.542326517941634,19.3305454629988,19.095194023073727,19.29819200244858,18.82291179481805,46.87205720233864,0.0903405345999419,0.2564621567726135
-70.52574920654297,71.83468627929688,-18.826045989990234,44.8589973449707,-3.911449432373047,12.679676055908203,-1.8114824295043943,9.293342590332031,-3.530853509902954,3.1905317306518555,-0.9070183038711548,4.229182243347168,-2.455429553985596,0.4163813292980194,0.4224752783775329,0.4876559674739837,0.5378466844558716,0.5853632092475891,0.5007834434509277,0.4746317565441131,0.4687402546405792,0.3930666744709015,0.3489861190319061,0.3754406571388244,0.48847696185112,20.79037183297641,13.591282075524449,17.336441660969523,17.384218925486817,18.623211473618504,19.615793251379813,50.07122181355792,0.1612777473756772,0.1154285967350006
-8.748332977294922,84.2834701538086,-26.517412185668945,12.767653465270996,-1.355013132095337,7.881674289703369,-6.31833553314209,2.9481348991394043,-8.339237213134766,9.350726127624512,-2.252476692199707,4.956640243530273,-0.950247287750244,0.3636509478092193,0.325862854719162,0.352723091840744,0.4300700426101684,0.5022121071815491,0.452877402305603,0.3964369595050812,0.3575027883052826,0.3760677278041839,0.3942726254463196,0.4033848941326141,0.4433729350566864,21.53439141265097,14.755407191524116,17.902154796850603,16.959789229505404,18.496566505272035,19.20260223039353,48.28854517127614,0.1180298985342492,0.2626687288284302
-127.66234588623048,109.98880004882812,34.676795959472656,34.7388916015625,-3.1826322078704834,13.414011001586914,-2.664445877075196,5.169348239898682,-4.505565643310547,12.656949996948242,3.5266125202178955,-2.082599639892578,-12.942896842956545,0.2192345261573791,0.2653527855873108,0.4559509456157684,0.4464036822319031,0.306468516588211,0.2670111656188965,0.5196146965026855,0.5231767296791077,0.3204173147678375,0.4244726300239563,0.3784818947315216,0.2215259820222854,23.88919868885276,18.25471817168625,21.10211929731115,21.25145798737685,19.287696993718253,17.413910435825354,50.00935031698948,0.0824872185202205,0.2149312943220138
-46.293853759765625,103.10086822509766,4.9008002281188965,31.50269317626953,10.094388008117676,18.80853271484375,1.4797320365905762,9.443062782287598,3.86924147605896,7.99560546875,0.4347076416015625,6.264030933380127,-0.4481917023658752,0.3755894005298614,0.4645687341690063,0.5749853849411011,0.3919292688369751,0.3325215280056,0.3384138643741607,0.4779306352138519,0.399564266204834,0.3936969339847564,0.5147913098335266,0.4137544631958008,0.4147088229656219,20.84844378387556,14.958604851022203,18.34135712880252,18.16851783413559,19.377451587733024,19.7322426259771,48.48017000420607,0.0660479252296905,0.3208188116550445
-97.9909439086914,86.1413345336914,-4.434918403625488,26.699827194213867,-6.067695617675781,11.072846412658691,-4.619748115539551,6.216506481170654,-5.458799362182617,1.4363044500350952,-5.615255355834961,0.1004195585846901,-7.6393656730651855,0.3762270808219909,0.5175812840461731,0.3530360460281372,0.3703813254833221,0.5163407325744629,0.4061029255390167,0.4599906504154205,0.3258921504020691,0.3597939312458038,0.3821081519126892,0.2875774502754211,0.3380733728408813,23.30915356866032,20.10831791505421,21.09978466044748,19.75056897154517,19.39764485967744,18.72920711472303,51.41801682115804,0.0600355402234907,0.2983576655387878
-53.54451751708984,93.6605453491211,8.770155906677246,23.32612037658692,6.815556526184082,9.580821990966797,-1.2194043397903442,6.444528579711914,-7.187483310699463,3.696442842483521,2.277082920074463,4.068802356719971,-0.0482572652399539,0.4085931479930877,0.3686961531639099,0.3690797686576843,0.4574133455753326,0.4059692025184631,0.4280416369438171,0.4558784663677215,0.3566755056381225,0.3609874248504638,0.3790124356746673,0.5179911255836487,0.4891233146190643,18.77867221125077,14.85699580673606,18.59665087194384,17.377835845782602,17.688036435379452,17.65414200025409,47.96828059262659,0.0898766296197755,0.244238406419754
-117.2985382080078,113.287841796875,14.046865463256836,26.25084686279297,3.2718076705932617,4.485487937927246,-2.23976469039917,0.1055107340216636,-9.983613014221191,-1.5165311098098757,-2.599299907684326,2.729172706604004,-6.215265274047852,0.3230685591697693,0.3241240680217743,0.3283180892467499,0.3063325583934784,0.5130301713943481,0.3754083514213562,0.314002126455307,0.355127215385437,0.4309504330158233,0.4287598729133606,0.309062510728836,0.4159103631973266,23.41573364441339,16.27972234572325,20.222336882986525,19.703302608559724,19.900532571301326,19.77205908525792,49.63046561750264,0.0686782217117988,0.196319967508316
-177.13226318359375,156.8403778076172,6.802536964416504,28.95612335205078,7.06915283203125,3.4486374855041504,5.320274829864502,5.608467102050781,4.934209823608398,1.9035041332244875,-0.6832313537597656,1.8059450387954712,-0.3323085606098175,0.3212936818599701,0.4389319717884063,0.3630850315093994,0.4441903531551361,0.5134576559066772,0.2390943616628646,0.245265781879425,0.3711897730827331,0.738917350769043,0.4422378838062286,0.3100604712963104,0.3158779442310333,24.404262576996352,15.629464222418246,20.88656570846036,21.18752190566657,19.50538411142693,19.40695424204212,46.39819423373017,0.0432846966911764,0.1451219469308853
-35.65703582763672,81.92628479003906,-8.537633895874023,10.376444816589355,1.950611233711243,2.847665786743164,0.8987848162651062,7.403231143951416,-4.897862911224365,10.135780334472656,-6.69067907333374,4.255509853363037,-4.083954334259033,0.3882257640361786,0.3309328258037567,0.4579392671585083,0.3083946108818054,0.4205528795719147,0.5201171040534973,0.3308174610137939,0.3526362776756286,0.3666969835758209,0.5208185911178589,0.3984914124011993,0.3459303379058838,20.929916949136963,14.262843631297368,17.914984464837325,18.13658875141256,17.967902050395548,18.99754583294257,48.16037996535139,0.1251685552921826,0.2237466871738433
-69.42439270019531,111.6015853881836,-11.986775398254396,19.65429306030273,-4.4574713706970215,17.213144302368164,9.843624114990234,15.616437911987305,-4.016639232635498,6.403151988983154,-2.5516598224639893,1.761005997657776,-1.9305962324142456,0.3261606693267822,0.2614487111568451,0.494067907333374,0.2859845459461212,0.2426444590091705,0.4779504835605621,0.3458287715911865,0.4084939360618591,0.3188669681549072,0.3130230605602264,0.4431700408458709,0.3031471073627472,20.50232945834429,16.474542013895537,19.76528350932896,20.55497142457053,18.55638314881009,19.51197258206404,51.29906484681476,0.0838708080374419,0.2481949776411056
-191.2089233398437,133.47833251953125,-4.630034923553467,47.71795654296875,8.905670166015625,15.446125984191896,0.6871060132980347,24.70144462585449,-8.534914016723633,9.89259433746338,-4.928614139556885,0.4559823274612427,-5.985511779785156,0.4996739029884338,0.3303673267364502,0.2462588548660278,0.2503440678119659,0.2606700360774994,0.4754929542541504,0.271043062210083,0.2799530923366546,0.3826270997524261,0.4041653573513031,0.2559447586536407,0.2355910688638687,24.302738441217222,19.17787238842777,21.77120844436578,22.73370028563744,20.09633233249016,21.04819734185937,54.87187671707502,0.0456934122847329,0.1367829442024231
-27.28514671325684,60.94021987915039,11.639477729797363,25.305953979492188,14.814722061157228,15.961730003356934,8.963175773620605,10.44393539428711,3.86741042137146,9.380400657653809,0.0164326056838035,6.902760028839111,-2.1367366313934326,0.5086482167243958,0.5384035110473633,0.6770813465118408,0.5210347175598145,0.4134133160114288,0.4001657664775848,0.4028302729129791,0.3875996172428131,0.4338323175907135,0.5528135299682617,0.4574678540229797,0.4357401728630066,23.22031298890069,14.776743204673693,16.16038316662042,15.789308975078551,16.549448352155018,16.54144426890125,46.22181298694653,0.108481392402767,0.264735460281372
-205.30262756347656,144.7426300048828,19.77929878234864,39.47967529296875,7.695820331573486,13.2338228225708,3.776728391647339,10.508822441101074,2.1714062690734863,2.964679956436157,1.329555869102478,5.49740743637085,-0.2160437107086181,0.3405442535877228,0.2284047305583953,0.2865267992019653,0.4585979878902435,0.8775771856307983,0.6406294703483582,0.3608455061912536,0.2859756648540497,0.1901318281888961,0.1856239289045334,0.2545802295207977,0.4913854897022247,24.36202149741441,16.74155070522301,17.81011640858334,18.27566503002186,17.17878149216906,17.50262122050472,49.50546280028358,0.0295217413651315,0.1323048025369644
-107.13644409179688,87.07426452636719,8.281977653503418,16.195823669433594,5.51458215713501,2.458972930908203,-3.492514371871948,5.8182373046875,-6.661428928375244,1.807950496673584,-1.6741372346878052,1.4320168495178225,-1.8190346956253047,0.3328120410442352,0.3789731562137604,0.5135616660118103,0.4640350937843323,0.4507451057434082,0.5118181109428406,0.4964237213134765,0.5430856347084045,0.4228473603725433,0.3563066124916076,0.3928686678409576,0.3527999222278595,20.12768022510481,14.816282290308736,18.86410779910447,17.759321001864464,17.259010147294504,18.11650737267401,47.17052146230666,0.094055553707914,0.22138512134552
-45.21888732910156,56.00146484375,7.381962776184082,41.14507293701172,16.734874725341797,16.641876220703125,11.875374794006348,10.074501037597656,0.3584955334663391,5.304797649383545,0.8646469712257385,5.938961029052734,2.739591598510742,0.5333865284919739,0.4296696782112121,0.4041717946529388,0.4793961942195892,0.6420513987541199,0.5600879192352295,0.451138436794281,0.3891535997390747,0.3904639482498169,0.428814023733139,0.490612268447876,0.5544554591178894,21.885660307658814,13.511649264634956,17.16700336466829,15.119235629137108,15.160476513209032,16.107356290557103,45.99447227168817,0.130475779435952,0.1683423966169357
-104.11624145507812,112.5180892944336,4.545234203338623,15.723237037658691,-5.386684894561768,-2.008636951446533,-0.6203275918960571,-2.9920430183410645,-7.328297138214111,-0.0307327136397361,-6.683403491973877,1.622664213180542,-1.9528173208236688,0.4547572731971741,0.4851149320602417,0.4547955691814422,0.4524161517620086,0.4311073124408722,0.4267390966415405,0.508471667766571,0.4397047162055969,0.4148620069026947,0.3934777677059173,0.415640115737915,0.5155554413795471,21.846483615698183,13.856293780429384,17.099570799776373,17.507342536105355,18.260476326422136,19.80129979801842,48.64985646874381,0.0758872962219427,0.2170931994915008
-117.2629852294922,82.6888198852539,-1.7141295671463013,32.70771408081055,16.333772659301758,19.55885124206543,2.0661892890930176,11.55156707763672,1.4171249866485596,11.202360153198242,1.624242901802063,3.854773998260498,-4.265436172485352,0.378054678440094,0.3448121249675751,0.4203990697860718,0.3440920710563659,0.356239765882492,0.3969317674636841,0.4967377781867981,0.718143880367279,0.53841632604599,0.4440020322799682,0.3643967807292938,0.438587337732315,20.856372098191205,15.093194703611283,17.278403016033263,18.56006338453852,19.07563856078676,17.807570963385523,49.30647853286396,0.0855912642045454,0.1189578771591186
-32.874629974365234,77.41429138183594,0.35897296667099,17.776445388793945,5.84186315536499,11.503213882446287,-3.478788137435913,7.392988681793213,-1.4935486316680908,2.9855313301086426,-2.870378255844116,2.217745780944824,-6.273065567016602,0.5058904886245728,0.3481675982475281,0.4212360680103302,0.5810433030128479,0.3891021311283111,0.3633632659912109,0.3172924220561981,0.5035507678985596,0.3190540373325348,0.2705751061439514,0.3372342586517334,0.3393726944923401,20.92399961315368,16.16107589516434,18.145158556484184,17.060312333847737,17.06641095290324,15.866985364526029,47.33555652026237,0.1246789512988583,0.2256122976541519
-105.5028076171875,75.33283996582031,8.7012939453125,28.274099349975582,7.447425842285156,20.255475997924805,4.753293514251709,9.826159477233888,1.0925949811935425,3.741252183914185,1.357459545135498,2.898301362991333,-0.6269900798797607,0.4176042377948761,0.5692819952964783,0.3891883492469787,0.3873670995235443,0.3714221715927124,0.2717159390449524,0.3257828056812286,0.3025305867195129,0.3397290408611297,0.2882512211799621,0.326833426952362,0.4492106139659881,21.28646189349205,17.089705704395048,20.13787917433179,19.3921964435442,18.399895523819527,16.935306306639205,48.39739685506596,0.1066855808752417,0.1152719557285308
-15.341402053833008,107.2710418701172,-13.928682327270508,27.72003555297852,0.3548150360584259,8.430109977722168,-3.022178173065185,10.19747257232666,-3.016880512237549,5.62871789932251,1.9041731357574463,5.34819221496582,0.5282841920852661,0.3518238067626953,0.3828752934932709,0.3978745639324188,0.3756361901760101,0.4810564219951629,0.3479642570018768,0.4131776392459869,0.3333967626094818,0.4376437067985534,0.4966594576835632,0.4367027580738067,0.5215240120887756,17.19968129535318,13.60158997377119,17.32627060853033,17.075298450772568,17.566099859951663,17.163465783164646,48.89227133438028,0.0880113725691757,0.3385142087936401
-41.1223258972168,69.2625503540039,0.6727146506309509,29.935985565185547,7.421576499938965,11.701006889343262,-3.003790616989136,6.68085241317749,3.081165075302124,7.788505554199219,-0.5868021249771118,0.9992654919624328,-7.576189994812012,0.3216437697410583,0.3449938595294952,0.3621600270271301,0.3795822858810425,0.4585821330547333,0.3339592516422272,0.350168764591217,0.507040798664093,0.4315377473831177,0.3668360412120819,0.3268816769123077,0.419796884059906,21.460481916711675,15.206358425211908,17.302518209079043,17.201604568660997,16.82986799946938,16.471014563229033,46.80053524907174,0.13854149030089,0.1703338623046875
-156.37689208984375,65.18489837646484,7.095295906066895,20.8011417388916,12.475628852844238,13.673426628112791,-1.9719679355621336,2.864668607711792,-0.1149057522416114,4.812137603759766,-0.7828985452651978,-3.3467845916748047,-7.955088138580322,0.2874669432640075,0.2605635821819305,0.3666802942752838,0.3229289948940277,0.3487294912338257,0.4581894874572754,0.4794876873493194,0.575584352016449,0.4303425848484039,0.4127353131771087,0.360352486371994,0.2900893092155456,20.23656035725336,14.291285601347576,18.14785169714349,19.808076483763887,20.02514000638864,17.943812883298477,44.734451032540605,0.1456188799564796,0.1087599471211433
-74.74948120117188,102.18737030029295,7.756275177001953,27.7595329284668,12.408883094787598,-0.9660394191741944,2.266796588897705,3.178297519683838,0.2735494673252105,11.453859329223633,0.725287675857544,5.718865394592285,1.4225552082061768,0.3440699279308319,0.2612704932689667,0.3607160449028015,0.3315165936946869,0.5328831672668457,0.3861695528030395,0.3205720782279968,0.4488739371299743,0.4106276631355285,0.5282045006752014,0.3720112144947052,0.4599592983722687,21.364198844894982,15.074878572763687,19.81774719700826,19.105593881667858,20.177484243739315,19.785227521596024,46.70812943696057,0.0805784999032507,0.2446589469909668
-218.4351959228516,124.99861907958984,28.8441219329834,34.158504486083984,11.683985710144045,11.1844482421875,5.696511745452881,3.2233827114105225,8.44095516204834,5.881544589996338,3.1401114463806152,6.41806697845459,-2.777238130569458,0.3263939917087555,0.2895162999629974,0.3382768929004669,0.3139841258525848,0.2877001762390136,0.3006016612052917,0.3616467416286468,0.5952135920524597,0.5023417472839355,0.508834958076477,0.4596317708492279,0.3338723182678222,22.007455225665066,18.385570397960645,20.62781509468597,20.008018426818666,19.78107182726644,22.430712207992112,45.579943373437736,0.0278522503265286,0.2883011102676391
-74.1566162109375,89.35382080078125,16.78123664855957,21.4218692779541,1.1819978952407837,-13.068224906921388,10.355972290039062,10.530970573425291,-20.2257022857666,8.769132614135742,1.1566849946975708,3.580082654953003,4.617616176605225,0.4106267094612121,0.4596407413482666,0.3469324111938476,0.3900156319141388,0.3163845241069793,0.3322907090187073,0.4074557423591614,0.3302855491638183,0.5246002674102783,0.4763671457767486,0.3847455978393554,0.4990180432796478,20.404895607633502,16.61769404329046,20.928244924831084,21.151099506991475,20.50042165564913,24.33784942513671,46.828978685232926,0.076826066055534,0.2957042753696441
-52.06847381591797,111.98113250732422,-5.139854907989502,-0.391556978225708,4.110311508178711,4.92031717300415,6.999465465545654,8.06808853149414,-4.04866886138916,7.512172222137451,-1.646672010421753,5.30704402923584,-1.1384155750274658,0.2814853191375732,0.3492087423801422,0.2760218381881714,0.4275804758071899,0.3932104110717773,0.2653272747993469,0.3189420104026794,0.3708052337169647,0.5552704334259033,0.4295328855514526,0.3946424126625061,0.3919705748558044,22.20101762467537,16.109858868529525,18.746796897596745,19.45589284231881,19.822083575953453,19.36135613109885,48.05891933348106,0.0824507485971362,0.2884550094604492
-82.073486328125,117.41991424560548,16.449594497680664,27.06400489807129,19.16802024841309,4.8955183029174805,9.262943267822266,1.624433517456055,-1.8437771797180176,5.917117118835449,-2.563344717025757,4.732451438903809,-1.0704983472824097,0.4664823412895202,0.3874558806419372,0.3048831224441528,0.34803506731987,0.4519309401512146,0.3838551044464111,0.4884240925312042,0.4728909432888031,0.5779538154602051,0.5097257494926453,0.4923144280910492,0.5983999371528625,22.355142943421843,14.805815854807337,19.168472660625216,17.621896468241456,18.81522544098191,20.11173345032122,46.9949527783563,0.0448035839541408,0.3368830978870392
-88.19766235351562,98.53140258789062,-15.302072525024414,39.06817626953125,-11.215005874633787,8.987492561340332,-2.8585636615753174,0.1035327240824699,-8.183259963989258,0.906760573387146,-6.147472381591797,2.8653833866119385,-4.939689636230469,0.3096533119678497,0.3348041474819183,0.3363069295883178,0.5063015818595886,0.2572631239891052,0.2483012378215789,0.2723782956600189,0.382945716381073,0.362430065870285,0.2904176414012909,0.4486907720565796,0.2991402745246887,19.484997259084448,14.626576653108348,19.67134495761168,21.00591798166417,21.424674156737616,22.531717894932072,51.507518453127226,0.1222951788651315,0.1432671397924423
-28.555328369140625,81.0895767211914,2.3054773807525635,20.53585624694824,4.186233043670654,8.728293418884277,1.863962292671204,6.696458339691162,-2.443686962127685,4.12330961227417,-0.7055158615112305,3.9856691360473633,0.3701411485671997,0.6346918940544128,0.3874467015266418,0.3660823702812195,0.4324328899383545,0.4287900626659393,0.5086441040039062,0.3918006718158722,0.4709319174289703,0.2924785912036896,0.3202060163021087,0.3574246764183044,0.3903558552265167,18.391169447878323,15.373475495650874,17.784214988931975,17.678030112772564,17.79741383626908,17.337587053585207,47.67620035108581,0.1109951716089396,0.2634739279747009
-70.94667053222656,108.53524017333984,-11.752731323242188,23.830242156982425,-4.176340579986572,4.918089866638184,-6.060025215148926,7.158953666687012,-8.218205451965332,2.1445982456207275,-4.284666061401367,-0.1534773409366607,-4.377359867095947,0.6240314841270447,0.3522509038448334,0.2825492322444916,0.3807859718799591,0.3097169697284698,0.4572950303554535,0.3461800515651703,0.503433883190155,0.4440832436084747,0.3258485496044159,0.3401813209056854,0.3300099074840545,24.04456264436808,15.906776208570056,18.759091582124217,18.043211906839264,17.889720650154903,18.27094639044204,50.219100663346936,0.0899189574061532,0.1779230833053589
-87.40235900878906,83.74220275878906,0.6977425813674927,7.871907711029053,-4.896122455596924,2.0702126026153564,-3.779418468475342,0.0654498115181922,-2.97426176071167,-0.835654616355896,-5.074917316436768,3.677980422973633,-0.6293358206748962,0.2884910404682159,0.4081584215164184,0.4498461484909057,0.2086025029420852,0.1698246300220489,0.1869137585163116,0.4058867990970611,0.2985510230064392,0.2318257838487625,0.3560725748538971,0.3139886856079101,0.4825206100940704,20.833951775147924,16.320375220728923,20.54877220516972,21.514866149150805,21.95637204622071,21.940784136402367,49.04868668971256,0.0990502325004837,0.1788913905620575
-154.34967041015625,101.0301513671875,-17.821292877197266,17.278785705566406,-11.464630126953123,6.128143310546875,-0.9796323776245116,1.803696155548096,2.41860294342041,2.813143014907837,0.6629947423934937,2.4193925857543945,0.2510426938533783,0.3919431269168854,0.5583123564720154,0.3448033332824707,0.3841721415519714,0.3669260740280151,0.2723710238933563,0.3943531811237335,0.3127934634685516,0.4129523038864136,0.3270771205425262,0.3429070711135864,0.4489835500717163,19.29968318040704,16.65542319587161,18.464131572437523,18.283161191134965,18.245988601017995,18.40193682867748,46.44820827123052,0.0873511346870162,0.0710591748356819
-21.96048164367676,104.11206817626952,-10.69102382659912,23.96695327758789,10.732266426086426,17.081377029418945,2.889165163040161,14.193021774291992,3.106384754180908,10.726136207580566,-0.9266456961631776,7.295788288116455,-2.9242472648620605,0.5823627710342407,0.4088332056999206,0.3859540224075317,0.4076129496097564,0.4773884117603302,0.4251693487167358,0.4646408855915069,0.4984180033206939,0.3415103256702423,0.3224622011184692,0.3826970756053924,0.5856425762176514,18.29387505447616,15.113494560267936,17.28246979015029,18.48493915422802,18.4362617562682,17.98897350620828,49.5462400187843,0.0754607032761121,0.313955694437027
-169.20184326171875,110.20807647705078,6.749113082885742,23.827783584594727,10.24941635131836,4.657160758972168,3.435817003250122,-0.1937564462423324,2.537681818008423,6.700274467468262,-1.781618356704712,1.5269657373428345,0.4411190748214721,0.419035941362381,0.4316524267196655,0.4819944500923157,0.5417333841323853,0.5129938125610352,0.4568842351436615,0.4043156206607818,0.4060131311416626,0.4067532122135162,0.4103262424468994,0.4510682225227356,0.4291175603866577,20.99923089834129,16.334465536352504,17.853124938280136,16.725647094289673,17.434713528465988,18.76919794038893,46.47799053619104,0.0674706464579303,0.14162078499794
-145.89939880371094,124.1640167236328,3.1833417415618896,30.433469772338867,5.6187286376953125,11.739697456359863,5.370568752288818,2.408172607421875,3.3458328247070312,7.6526198387146,-0.9213113188743592,5.903439998626709,1.679512858390808,0.5325359106063843,0.647726833820343,0.4466168582439422,0.4019294083118438,0.3417249917984009,0.3861097693443298,0.5527607798576355,0.4041073024272918,0.4133665561676025,0.4296997785568237,0.6123837232589722,0.5854807496070862,21.9415386123972,15.102618146856148,19.04086488072289,18.640804499679817,19.216773041272933,20.07817910378429,47.901770400520846,0.0392030887190402,0.2169019877910614
-10.877453804016112,70.42953491210938,13.961041450500488,16.905105590820312,-0.9495823979377748,10.88218879699707,1.1835570335388184,10.941862106323242,-1.5816617012023926,4.825973987579346,2.5587661266326904,5.128528118133545,-0.7473781704902649,0.444855123758316,0.5002927184104919,0.4816304445266723,0.6655725240707397,0.3987261056900024,0.4237009584903717,0.4286558628082275,0.384513258934021,0.4792231619358063,0.4429916441440582,0.5276577472686768,0.4500260055065155,22.25201419552677,15.840962575246555,17.65865873729777,17.450817458633086,16.6678889035499,15.32557898520072,46.17265090582782,0.0929376466355456,0.3243819177150726
-52.4909553527832,79.57014465332031,16.499452590942383,13.872946739196776,10.358986854553224,-1.079784274101257,4.116046905517578,-2.3202004432678223,-0.904092013835907,3.654128789901733,-2.752902746200561,1.6490908861160278,-3.4400744438171387,0.3300405740737915,0.4589525461196899,0.3319565057754516,0.3982007801532745,0.4102405309677124,0.3033936619758606,0.3747386038303375,0.3528265953063965,0.4943505525588989,0.4566721320152282,0.3337478935718536,0.3034873008728027,22.59972266093993,15.904292875098225,19.915363414753955,19.3547630379129,18.98861514977776,19.61179837797673,45.03194174088517,0.0921243484544311,0.2775708436965942
-84.84644317626953,110.0076904296875,-10.243249893188477,15.027180671691896,-1.244844913482666,10.339612007141112,-4.690367698669434,0.6737988591194153,-1.164038896560669,0.96099591255188,2.5033347606658936,2.962118148803711,-0.99376779794693,0.3684478998184204,0.3452166318893432,0.4251865446567535,0.5221412777900696,0.3867981731891632,0.4555351436138153,0.4014350175857544,0.4944619536399841,0.4106566607952118,0.3426431119441986,0.4065140187740326,0.3337925970554352,18.903142716688134,14.242540225724431,17.767976570050337,17.739449279422626,19.186905786834338,18.363384231582348,47.79874150531565,0.0904221667593846,0.1818401664495468
-23.682737350463867,50.24707794189453,2.391385078430176,-2.780960321426392,3.094077587127685,3.1288158893585205,-12.155773162841797,3.082804918289185,-11.233156204223633,6.026891231536865,-1.2211180925369265,1.192149639129639,-1.3135510683059692,0.4523781836032867,0.367754727602005,0.5393469929695129,0.3512584567070007,0.3884480595588684,0.3323358595371246,0.3953888714313507,0.3710197806358337,0.3049618899822235,0.399179458618164,0.3040688037872314,0.4084834456443786,20.18998875218277,17.0098871053533,19.76959663243532,19.14925583063556,20.461663645279,20.30362734947576,48.98753531512674,0.1608644845684984,0.2874743342399597
-83.63641357421875,105.6136474609375,-17.220870971679688,12.824445724487305,-4.51868200302124,0.7098700404167175,-7.1031012535095215,-3.856992244720459,-1.797526717185974,-0.850990891456604,-1.3381495475769043,2.9781014919281006,-3.806511402130127,0.4889663457870483,0.3043274879455566,0.2763873636722564,0.3212091028690338,0.5521684885025024,0.3603328764438629,0.2878395915031433,0.390213131904602,0.3996473252773285,0.4813866913318634,0.3609512746334076,0.4132975339889526,20.03920185701584,16.047180361122308,19.299567903004863,18.05956409025593,18.09899064242949,19.46797016164964,46.66295575846859,0.080571130333301,0.2067530751228332
